image_name,class
00a36f96e31731c4.txt,0
00b729b5187a1898.txt,0
012b0f6b12da485f.txt,1
01495549e1f4fd2e.txt,0
024fc048dd1cb61a.txt,0
026fa3777c04b863.txt,1
02d301de1b793797.txt,1
02eaecd683dbdb9f.txt,1
02eec2c28f8cdb8e.txt,1
0344cade36bbd4f4.txt,1
03e3825b1b538688.txt,1
049ea73ac853d016.txt,1
04bcc24c07f719a5.txt,7
052ed3190494c65d.txt,7
0713109a36fd0303.txt,7
07de9510e802a400.txt,1
085622859f9b4eb2.txt,1
09a9a9d1fe0a592a.txt,1
09f795d4ef82046f.txt,7
0a0c94f67dd7ab3c.txt,7
0a891eacc7232d25.txt,1
0aa532f51ab031fe.txt,1
0acfa779589204bf.txt,0
0aec86633421382f.txt,1
0b5b9dc7c5f88bff.txt,1
0cda3f209a5461ed.txt,0
0cdf74810d6c9e2f.txt,1
0d24b635e58e9dc0.txt,0
0e65be8f4e1c80f6.txt,1
0eb32611b755d91c.txt,0
0eb720b70b4f7e13.txt,7
0fb3b09b91685b46.txt,1
108d661a10bfef01.txt,0
10fd5df6c15ddcad.txt,0
1172ad179f7d27c6.txt,1
12c2c55261d58dc1.txt,1
14f3cf0bf538d81c.txt,0
155600e5f1221f8c.txt,1
158bf11b09e7cd6e.txt,0
16207d46f3b92b11.txt,1
1693a3cf6afba7aa.txt,1
16f69b957c477a36.txt,1
17135174fbbf3301.txt,0
17dd803432ac2c82.txt,0
1855f06fe071d312.txt,0
193c3b1480a99fb2.txt,1
1a9344215f981140.txt,1
1b55f9174167a8d3.txt,0
1b616a9c4c418091.txt,1
1c1cd205b908bf5c.txt,0
1c2b0838f50a0007.txt,1
1c382eb58fcfe15f.txt,7
1c5263a9e48f0f08.txt,1
1cb12f8c76cc7c26.txt,1
1ccbc3fea331b255.txt,0
1cee18a7a9d72c09.txt,1
1db4cf3249b78850.txt,0
1df6e430c821910b.txt,1
1e471949af0ac2f5.txt,0
1e48b5386db5f951.txt,1
1e6104d5518cb3f9.txt,1
1e667172abb25fc4.txt,0
1f6886454432c317.txt,0
1fa1faa5108ec024.txt,0
2035ff1dabf9a006.txt,7
2145c2e6ac5f4016.txt,1
216b55d42645d011.txt,0
226c1da5f2df11c7.txt,0
23bded43c4460051.txt,1
23f40106e4c6ec83.txt,1
24766458a9f83849.txt,0
24b1300e05d6a181.txt,1
2601272daf82eec5.txt,1
26433f6803196e1b.txt,0
270ce982277b7d23.txt,7
275abf90e8d5ee54.txt,7
27622c023dc85d0e.txt,1
2780dd25363cfb14.txt,1
27d1d9bd0848b352.txt,0
28e9ae50da38257b.txt,0
291de70257da0065.txt,0
295a97832a763f86.txt,1
2a25c51901be9c65.txt,0
2b3283f660aa5cb7.txt,0
2c04328be9134648.txt,1
2c7b2578fa6e8b28.txt,1
2ca98d21a076b2ce.txt,0
2d92e6a4e8cc083b.txt,1
2ea862bd517bf386.txt,1
2eba94f606dbb3ea.txt,1
2eccad58e8f88603.txt,1
2ee3afdd30073015.txt,1
2f4369c0a391c437.txt,1
301b39048779e41a.txt,1
3098b680e47f2514.txt,0
30cda36e69893125.txt,0
31e0383b18a48a63.txt,0
337315fd6034a1d6.txt,1
34ca3219d7b67f16.txt,0
354740384c07608f.txt,0
367faf69b52e53fd.txt,7
36f8cf968f7031b2.txt,1
376df24f5de612c2.txt,0
377141870cc96a71.txt,1
37901124c0527d2a.txt,1
37d8f468504ad26c.txt,1
383b0ffbe7edeaef.txt,0
38c6a3215561bb9d.txt,1
392c3c9f706c5bb5.txt,0
3934afd864f30acb.txt,1
3934bcc7603fe430.txt,1
395aa1766050836c.txt,1
39e39937b3e4884c.txt,0
39fb433297c958e1.txt,0
3a2a5c3cd20044de.txt,0
3abc5258119aea73.txt,0
3acdacdb1f058707.txt,0
3ce412f93fe15068.txt,0
3cedf0b8a8e5abf5.txt,0
3cf987ac62a42adf.txt,0
3cfd659e242be6f8.txt,1
3d045770d7284126.txt,0
3d67a2695df3ac22.txt,0
3f2e9a97de8f922f.txt,1
3f2fee7cf68ec3ff.txt,1
3f68d660d5fd07e5.txt,0
40929fe8a86bd33e.txt,1
40d83623c7fe5353.txt,1
40d86cb36246475d.txt,1
41216de19cfa3b1d.txt,7
41252915ac13a574.txt,0
43ff290d16eca98c.txt,0
44b466b72abe641b.txt,1
4501c00774e8d3d0.txt,7
4522ad78bf79f0c9.txt,0
45cdb780d849d2f7.txt,0
4612a6241a2be055.txt,0
463767fdd0cca9cb.txt,1
47497b996e58639d.txt,1
483cda6a77505e11.txt,0
4841959e5e9278ef.txt,0
487815c82c579830.txt,0
49c530b6d3acea4d.txt,0
49e6a10cc09950c8.txt,0
4a5cc15df8f82631.txt,0
4addc13c0e1f63fe.txt,0
4bcdd5a142b125a1.txt,0
4cc6516b9be3d77d.txt,0
4cd1f73feae81747.txt,0
4d0369f83e97f19e.txt,0
4ff79076428f2f9d.txt,0
516a089e0750d8d5.txt,1
524bfe6443cf2d2c.txt,1
5263321ccbb5deeb.txt,1
5314058b185908c6.txt,1
532ad07005f32168.txt,1
537c4be8bd3a4226.txt,0
5500c021375abb01.txt,1
560ef853be0bc079.txt,1
5643295d00f5db3e.txt,0
575747fa1487a81c.txt,1
5821c61e6ec9d67a.txt,0
5838b213e80412de.txt,0
5bb5473e89bd1099.txt,0
5c37018b24fea94e.txt,1
5c41ee4384cd8ad7.txt,1
5d57eb3290eeb424.txt,0
5d92cee37412fc79.txt,0
5e6739d0adaa88c5.txt,1
6017edc09c7313e2.txt,7
61ca0e6bf55791b3.txt,1
6280218c3acff468.txt,1
634e9f64693faec4.txt,0
65e544c3c9a7d03c.txt,1
66fbe326adbff9eb.txt,1
67351b0a52b32fcd.txt,1
677079e079c4564f.txt,0
679d55687eb67ec6.txt,0
68c6ff1edfdd79d7.txt,0
69527747026688cb.txt,0
699fbcd4c6c886bc.txt,0
69ebf1893ec9592b.txt,0
6a022a9e9f413293.txt,0
6a5086b8152cc904.txt,0
6a6881aefff9ad58.txt,7
6c34953ed63c6d61.txt,0
6da78cd47a7a4a6a.txt,1
6f14ec453234b66f.txt,0
704df7f8d1059b57.txt,0
71d680b4617c78de.txt,0
7283bd07c0e3c7e7.txt,0
735bf119b9fbc087.txt,1
7372d3af340280f2.txt,1
739a43c21e95abd4.txt,1
758de2f0c9fda72a.txt,0
76249d14bbc07bba.txt,0
76ec730c5b0645cd.txt,1
7751d27d5e2f35ae.txt,1
780a4baa7c50d6e8.txt,1
7873a296434e2545.txt,0
796081369e3e7865.txt,1
79b6b6e1b5187c0d.txt,0
7a3942d6c34d4885.txt,7
7b7fdcfc6d020391.txt,0
7be1142fa812a0b7.txt,0
7dbc3157ea89ba88.txt,1
7e2afdc21926bd14.txt,0
7e94154b6aab1200.txt,1
7fd9951f54562603.txt,0
80dcc25edab2f006.txt,1
81f670d32c59bdd9.txt,1
821ab6d359527262.txt,0
83f9c0f937fdc766.txt,1
84c3ad460ced2ad9.txt,1
856328045088bb94.txt,1
859629cdbba9bb1d.txt,1
85dd59ff7cf36d1b.txt,0
8638f05fa3765b3a.txt,1
86b58ffdabf0a973.txt,7
873628ec277af241.txt,1
874f0a9275b8ed9b.txt,0
8785945834fb5f26.txt,1
87e40e9384dc5b1d.txt,1
88e234ab13ddf654.txt,7
89c6dbd97f8434a3.txt,1
8abdcea0613ddf9c.txt,0
8b948c42469d598e.txt,1
8be3c2ce1345f643.txt,0
8c919bfe747f3ea7.txt,7
8df80de2bab6f4cd.txt,0
8e6166bc2a8878b8.txt,0
8ee03a48e6003f03.txt,0
8fb88ff556204a37.txt,1
9020cf596798cbb9.txt,1
916483be4dbb2d84.txt,1
91b2dec489a0f02d.txt,0
91e09bc4c8db7631.txt,1
9330ef2689faa70d.txt,1
940216b1ddd2ea1d.txt,0
952482f24d7d62e8.txt,1
959560fbe56b5d2d.txt,1
95b0c638d8dba8f4.txt,1
95eb70952254d8de.txt,0
96b70242109a29c9.txt,1
972845af24d47604.txt,1
98bb82ba07d55501.txt,0
98cf1c79d74b02ac.txt,0
9aa9c1d12e45d103.txt,0
9b1ec58a50e165fc.txt,7
9b2773fe0f808238.txt,0
9bd3e32a2337f9bc.txt,0
9ced0a288afbf6f9.txt,1
9d503fa876fdb400.txt,0
9e9b988b8b08ce04.txt,0
9f0f4167f240a37c.txt,1
a04c8cb08b6d2e53.txt,0
a119ed96a3eb26da.txt,0
a213938c0bbea64f.txt,1
a234b17c1813407c.txt,1
a37e47d0784cdb43.txt,1
a392d0e35d9bfae2.txt,1
a393a65915aabe01.txt,0
a47b5dcfa59cf85a.txt,0
a4be2fd9732f7e1f.txt,1
a512ef412da4ee29.txt,1
a569761584d3edb4.txt,0
a588fae416de13cd.txt,0
a5dc9b8e19130d1e.txt,0
a7b3b536731f9a95.txt,7
a84bdae0049eec62.txt,1
a9a1bda7e943bb4e.txt,1
a9b128063150b294.txt,0
a9bf5cacd31b72ef.txt,1
a9ddf2c5d2a3325b.txt,0
aa85204300e529e5.txt,0
ac359b78738c1d8f.txt,0
ac571d4ab3e74b92.txt,1
ad559c3c6afb0471.txt,1
adb96f8b49b678fc.txt,1
ae959e75982f7893.txt,0
aebfb43cb4b0e340.txt,7
af4e6607fd5f06d4.txt,0
afb12f0a9115fa64.txt,0
afd58b401e8d3bc5.txt,1
b00eae37ec5fbc1a.txt,1
b02546fa8b0787a2.txt,0
b05f75937004d748.txt,0
b0b4407a9ec06def.txt,0
b0ce5e06aea3537a.txt,0
b1c485d8b49064b8.txt,7
b2403267542c6206.txt,0
b28f5e0b6de18880.txt,0
b322d0102768fb7f.txt,1
b5b7dec5441a70cd.txt,1
b6fa368bf4945b7a.txt,1
b7340f0b2a0af998.txt,1
b73597a889663f1c.txt,0
b783ab4a02bbcc31.txt,0
b796c08f15d62b0a.txt,1
b99df92d7b79dec8.txt,1
b9a257dd13a633b1.txt,0
ba1738621ba41edf.txt,3
bafd801621510353.txt,1
bc12a93a68990e05.txt,0
bc1b80add376f22d.txt,0
bdaab37bad53646f.txt,1
bdb8abb449444489.txt,1
bf0ad1c2a08e14b3.txt,1
bf60d88ccef3fa0f.txt,0
bf63c9800fe85aec.txt,0
bf7648f1cec9338a.txt,0
bf9fb499b6e991ab.txt,0
bfaae3db9126ecf1.txt,1
bfd1f805b7a97f8e.txt,0
c060d469cbcaff2c.txt,1
c0d48e792119ded9.txt,0
c1872656fa4e1424.txt,1
c234395233a77dc3.txt,0
c264f4ac854e66eb.txt,0
c2ab096a75f900fb.txt,7
c2bbbdd8d9cb5818.txt,0
c555449b6fb78409.txt,1
c68455bfdd19d1af.txt,7
c6e01d1d78d12de9.txt,0
c712260017419cc2.txt,1
c8083badcd41c574.txt,0
c8e5abd0b6e1af0b.txt,7
c8e79ea5ff4aa4c8.txt,1
c91def7b8d6adfda.txt,0
c9499b29b88d1001.txt,1
c9d0358ace041f3d.txt,1
ca496701f5bb00f1.txt,1
ca7b477dcbdb91cd.txt,1
cac394b99abb1300.txt,0
cb490b8a63050d2d.txt,0
cbf1ce9eb40b7b6d.txt,0
cc1b71debd0f5f5a.txt,7
cc3c4409dda7126e.txt,0
ccda44d8a1911ccd.txt,0
cd4e964d17223b05.txt,0
ce9f75acb60cea74.txt,0
cf13fbb4095a9431.txt,0
cfc964f6e8a96301.txt,0
cfe5788a12728ad2.txt,1
cff4c28f7df91261.txt,1
chips_bag_00001.txt,2
chips_bag_00002.txt,2
chips_bag_00003.txt,2
chips_bag_00004.txt,2
chips_bag_00005.txt,2
chips_bag_00006.txt,2
chips_bag_00007.txt,2
chips_bag_00008.txt,2
chips_bag_00009.txt,2
chips_bag_00010.txt,2
chips_bag_00011.txt,2
chips_bag_00012.txt,2
chips_bag_00015.txt,2
chips_bag_00016.txt,2
chips_bag_00017.txt,2
chips_bag_00018.txt,2
chips_bag_00019.txt,2
chips_bag_00020.txt,2
chips_bag_00022.txt,2
chips_bag_00023.txt,2
chips_bag_00024.txt,2
chips_bag_00025.txt,2
chips_bag_00026.txt,2
chips_bag_00027.txt,2
chips_bag_00028.txt,2
chips_bag_00029.txt,2
chips_bag_00031.txt,2
chips_bag_00032.txt,2
chips_bag_00033.txt,2
chips_bag_00034.txt,2
chips_bag_00036.txt,2
chips_bag_00037.txt,2
chips_bag_00039.txt,2
chips_bag_00042.txt,2
chips_bag_00046.txt,2
chips_bag_00047.txt,2
chips_bag_00048.txt,2
chips_bag_00049.txt,2
chips_bag_00051.txt,2
chips_bag_00054.txt,2
chips_bag_00055.txt,2
chips_bag_00056.txt,2
chips_bag_00057.txt,2
chips_bag_00061.txt,2
chips_bag_00062.txt,2
chips_bag_00065.txt,2
chips_bag_00067.txt,2
chips_bag_00068.txt,2
chips_bag_00069.txt,2
chips_bag_00070.txt,2
chips_bag_00072.txt,2
chips_bag_00074.txt,2
chips_bag_00076.txt,2
chips_bag_00077.txt,2
chips_bag_00078.txt,2
chips_bag_00079.txt,2
chips_bag_00080.txt,2
chips_bag_00082.txt,2
chips_bag_00083.txt,2
chips_bag_00085.txt,2
chips_bag_00088.txt,2
chips_bag_00094.txt,2
chips_bag_00095.txt,2
chips_bag_00097.txt,2
chips_bag_00098.txt,2
chips_bag_00100.txt,2
chips_bag_00101.txt,2
chips_bag_00102.txt,2
chips_bag_00103.txt,2
chips_bag_00104.txt,2
chips_bag_00106.txt,2
chips_bag_00110.txt,2
chips_bag_00111.txt,2
chips_bag_00114.txt,2
chips_bag_00116.txt,2
chips_bag_00117.txt,2
chips_bag_00120.txt,2
chips_bag_00121.txt,2
chips_bag_00123.txt,2
chips_bag_00124.txt,2
chips_bag_00127.txt,2
chips_bag_00129.txt,2
chips_bag_00130.txt,2
chips_bag_00132.txt,2
chips_bag_00138.txt,2
chips_bag_00139.txt,2
chips_bag_00142.txt,2
chips_bag_00143.txt,2
chips_bag_00145.txt,2
chips_bag_00146.txt,2
chips_bag_00147.txt,2
chips_bag_00148.txt,2
chips_bag_00153.txt,2
chips_bag_00154.txt,2
chips_bag_00156.txt,2
chips_bag_00157.txt,2
chips_bag_00158.txt,2
chips_bag_00160.txt,2
chips_bag_00163.txt,2
chips_bag_00165.txt,2
chips_bag_00166.txt,2
chips_bag_00167.txt,2
chips_bag_00168.txt,2
chips_bag_00169.txt,2
chips_bag_00170.txt,2
chips_bag_00171.txt,2
chips_bag_00175.txt,2
chips_bag_00178.txt,2
chips_bag_00182.txt,2
chips_bag_00184.txt,2
chips_bag_00186.txt,2
chips_bag_00188.txt,2
chips_bag_00189.txt,2
chips_bag_00190.txt,2
chips_bag_00191.txt,2
chips_bag_00195.txt,2
chips_bag_00196.txt,2
chips_bag_00197.txt,2
chips_bag_00199.txt,2
chips_bag_00200.txt,2
chips_bag_00205.txt,2
chips_bag_00207.txt,2
chips_bag_00209.txt,2
chips_bag_00214.txt,2
chips_bag_00216.txt,2
chips_bag_00217.txt,2
chips_bag_00221.txt,2
chips_bag_00228.txt,2
chips_bag_00229.txt,2
chips_bag_00230.txt,2
chips_bag_00233.txt,2
chips_bag_00234.txt,2
chips_bag_00235.txt,2
chips_bag_00241.txt,2
chips_bag_00244.txt,2
chips_bag_00245.txt,2
chips_bag_00246.txt,2
chips_bag_00247.txt,2
chips_bag_00251.txt,2
chips_bag_00253.txt,2
chips_bag_00255.txt,2
chips_bag_00256.txt,2
chips_bag_00257.txt,2
chips_bag_00258.txt,2
chips_bag_00259.txt,2
chips_bag_00260.txt,2
chips_bag_00263.txt,2
chips_bag_00264.txt,2
chips_bag_00266.txt,2
chips_bag_00271.txt,2
chips_bag_00272.txt,2
chips_bag_00273.txt,2
chips_bag_00275.txt,2
chips_bag_00276.txt,2
chips_bag_00278.txt,2
chips_bag_00280.txt,2
chips_bag_00283.txt,2
chips_bag_00284.txt,2
chips_bag_00285.txt,2
chips_bag_00286.txt,2
chips_bag_00287.txt,2
chips_bag_00290.txt,2
chips_bag_00295.txt,2
chips_bag_00298.txt,2
chips_bag_00302.txt,2
chips_bag_00305.txt,2
chips_bag_00307.txt,2
chips_bag_00312.txt,2
chips_bag_00313.txt,2
chips_bag_00314.txt,2
chips_bag_00317.txt,2
chips_bag_00318.txt,2
chips_bag_00320.txt,2
chips_bag_00325.txt,2
chips_bag_00328.txt,2
chips_bag_00330.txt,2
chips_bag_00333.txt,2
chips_bag_00334.txt,2
chips_bag_00336.txt,2
chips_bag_00337.txt,2
chips_bag_00338.txt,2
chips_bag_00339.txt,2
chips_bag_00341.txt,2
chips_bag_00344.txt,2
chips_bag_00346.txt,2
chips_bag_00347.txt,2
chips_bag_00348.txt,2
chips_bag_00350.txt,2
chips_bag_00353.txt,2
chips_bag_00354.txt,2
chips_bag_00358.txt,2
chips_bag_00359.txt,2
chips_bag_00360.txt,2
chips_bag_00362.txt,2
chips_bag_00363.txt,2
chips_bag_00369.txt,2
chips_bag_00370.txt,2
chips_bag_00372.txt,2
chips_bag_00375.txt,2
chips_bag_00376.txt,2
chips_bag_00379.txt,2
chips_bag_00381.txt,2
chips_bag_00384.txt,2
chips_bag_00390.txt,2
chips_bag_00395.txt,2
chips_bag_00396.txt,2
chips_bag_00397.txt,2
COCO_val2014_000000000241.txt,0
COCO_val2014_000000000283.txt,0
COCO_val2014_000000001667.txt,1
COCO_val2014_000000002592.txt,1
COCO_val2014_000000002759.txt,1
COCO_val2014_000000003703.txt,0
COCO_val2014_000000004011.txt,0
COCO_val2014_000000004125.txt,0
COCO_val2014_000000004386.txt,1
COCO_val2014_000000005038.txt,0
COCO_val2014_000000005193.txt,0
COCO_val2014_000000005816.txt,0
COCO_val2014_000000006415.txt,1
COCO_val2014_000000006484.txt,1
COCO_val2014_000000006608.txt,0
COCO_val2014_000000006949.txt,1
COCO_val2014_000000007961.txt,0
COCO_val2014_000000008277.txt,1
COCO_val2014_000000008629.txt,1
COCO_val2014_000000008718.txt,1
COCO_val2014_000000009156.txt,1
COCO_val2014_000000009270.txt,1
COCO_val2014_000000009908.txt,1
COCO_val2014_000000009914.txt,1
COCO_val2014_000000010583.txt,1
COCO_val2014_000000011276.txt,1
COCO_val2014_000000011360.txt,1
COCO_val2014_000000011742.txt,0
COCO_val2014_000000012946.txt,0
COCO_val2014_000000013490.txt,1
COCO_val2014_000000013991.txt,1
COCO_val2014_000000014592.txt,0
COCO_val2014_000000014629.txt,0
COCO_val2014_000000015079.txt,1
COCO_val2014_000000015155.txt,1
COCO_val2014_000000015254.txt,1
COCO_val2014_000000015738.txt,0
COCO_val2014_000000016521.txt,0
COCO_val2014_000000017409.txt,0
COCO_val2014_000000018957.txt,0
COCO_val2014_000000019544.txt,0
COCO_val2014_000000019916.txt,1
COCO_val2014_000000020650.txt,1
COCO_val2014_000000020671.txt,0
COCO_val2014_000000021639.txt,1
COCO_val2014_000000022461.txt,1
COCO_val2014_000000022474.txt,1
COCO_val2014_000000022690.txt,1
COCO_val2014_000000022705.txt,0
COCO_val2014_000000022775.txt,1
COCO_val2014_000000023840.txt,1
COCO_val2014_000000024112.txt,0
COCO_val2014_000000025057.txt,0
COCO_val2014_000000025096.txt,1
COCO_val2014_000000025216.txt,1
COCO_val2014_000000025986.txt,1
COCO_val2014_000000026676.txt,1
COCO_val2014_000000027353.txt,1
COCO_val2014_000000027517.txt,0
COCO_val2014_000000027696.txt,1
COCO_val2014_000000028022.txt,0
COCO_val2014_000000028452.txt,0
COCO_val2014_000000028719.txt,0
COCO_val2014_000000029357.txt,1
COCO_val2014_000000029521.txt,0
COCO_val2014_000000029838.txt,1
COCO_val2014_000000030273.txt,0
COCO_val2014_000000030954.txt,1
COCO_val2014_000000032625.txt,1
COCO_val2014_000000032656.txt,1
COCO_val2014_000000033845.txt,1
COCO_val2014_000000033931.txt,1
COCO_val2014_000000034877.txt,1
COCO_val2014_000000034922.txt,0
COCO_val2014_000000035210.txt,1
COCO_val2014_000000035567.txt,1
COCO_val2014_000000035677.txt,1
COCO_val2014_000000035827.txt,0
COCO_val2014_000000036053.txt,0
COCO_val2014_000000036614.txt,1
COCO_val2014_000000037109.txt,1
COCO_val2014_000000037725.txt,1
COCO_val2014_000000037728.txt,1
COCO_val2014_000000037729.txt,0
COCO_val2014_000000038190.txt,1
COCO_val2014_000000039053.txt,1
COCO_val2014_000000039202.txt,1
COCO_val2014_000000039516.txt,1
COCO_val2014_000000039659.txt,1
COCO_val2014_000000041507.txt,1
COCO_val2014_000000042526.txt,1
COCO_val2014_000000043375.txt,1
COCO_val2014_000000044136.txt,0
COCO_val2014_000000044151.txt,0
COCO_val2014_000000044261.txt,1
COCO_val2014_000000044677.txt,0
COCO_val2014_000000044767.txt,1
COCO_val2014_000000044934.txt,1
COCO_val2014_000000047713.txt,0
COCO_val2014_000000047720.txt,1
COCO_val2014_000000047801.txt,1
COCO_val2014_000000047886.txt,0
COCO_val2014_000000048050.txt,1
COCO_val2014_000000048129.txt,1
COCO_val2014_000000048396.txt,1
COCO_val2014_000000048575.txt,0
COCO_val2014_000000049096.txt,1
COCO_val2014_000000050230.txt,1
COCO_val2014_000000050422.txt,1
COCO_val2014_000000051801.txt,1
COCO_val2014_000000052746.txt,1
COCO_val2014_000000053015.txt,0
COCO_val2014_000000054092.txt,1
COCO_val2014_000000054517.txt,1
COCO_val2014_000000054965.txt,1
COCO_val2014_000000055429.txt,1
COCO_val2014_000000055840.txt,0
COCO_val2014_000000056326.txt,1
COCO_val2014_000000057072.txt,1
COCO_val2014_000000057100.txt,1
COCO_val2014_000000057403.txt,0
COCO_val2014_000000060246.txt,1
COCO_val2014_000000060467.txt,1
COCO_val2014_000000060623.txt,1
COCO_val2014_000000063848.txt,1
COCO_val2014_000000063965.txt,1
COCO_val2014_000000064264.txt,0
COCO_val2014_000000065655.txt,1
COCO_val2014_000000066172.txt,0
COCO_val2014_000000066650.txt,1
COCO_val2014_000000069906.txt,1
COCO_val2014_000000073139.txt,1
COCO_val2014_000000074181.txt,0
COCO_val2014_000000075527.txt,1
COCO_val2014_000000077951.txt,1
COCO_val2014_000000078170.txt,0
COCO_val2014_000000078478.txt,1
COCO_val2014_000000080357.txt,1
COCO_val2014_000000080756.txt,1
COCO_val2014_000000080932.txt,1
COCO_val2014_000000081274.txt,1
COCO_val2014_000000081738.txt,1
COCO_val2014_000000082551.txt,0
COCO_val2014_000000084097.txt,0
COCO_val2014_000000085195.txt,1
COCO_val2014_000000085674.txt,1
COCO_val2014_000000086147.txt,1
COCO_val2014_000000087567.txt,1
COCO_val2014_000000088349.txt,1
COCO_val2014_000000088436.txt,0
COCO_val2014_000000089445.txt,1
COCO_val2014_000000090138.txt,1
COCO_val2014_000000090802.txt,0
COCO_val2014_000000090884.txt,0
COCO_val2014_000000091353.txt,1
COCO_val2014_000000091527.txt,1
COCO_val2014_000000091617.txt,0
COCO_val2014_000000092059.txt,1
COCO_val2014_000000092107.txt,1
COCO_val2014_000000092416.txt,0
COCO_val2014_000000092602.txt,1
COCO_val2014_000000093089.txt,0
COCO_val2014_000000093140.txt,0
COCO_val2014_000000093686.txt,1
COCO_val2014_000000093746.txt,1
COCO_val2014_000000094194.txt,1
COCO_val2014_000000094501.txt,1
COCO_val2014_000000094823.txt,0
COCO_val2014_000000096048.txt,1
COCO_val2014_000000096327.txt,1
COCO_val2014_000000096769.txt,0
COCO_val2014_000000097264.txt,1
COCO_val2014_000000097502.txt,0
COCO_val2014_000000097589.txt,1
COCO_val2014_000000097994.txt,0
COCO_val2014_000000098003.txt,1
COCO_val2014_000000099039.txt,1
COCO_val2014_000000099053.txt,1
COCO_val2014_000000099615.txt,0
COCO_val2014_000000100083.txt,1
COCO_val2014_000000100132.txt,1
COCO_val2014_000000100203.txt,1
COCO_val2014_000000101828.txt,0
COCO_val2014_000000103490.txt,1
COCO_val2014_000000104589.txt,1
COCO_val2014_000000104865.txt,1
COCO_val2014_000000105014.txt,1
COCO_val2014_000000105480.txt,0
COCO_val2014_000000107020.txt,1
COCO_val2014_000000107140.txt,1
COCO_val2014_000000107375.txt,0
COCO_val2014_000000107831.txt,1
COCO_val2014_000000108208.txt,1
COCO_val2014_000000110048.txt,1
COCO_val2014_000000111024.txt,1
COCO_val2014_000000112568.txt,1
COCO_val2014_000000112591.txt,0
COCO_val2014_000000112818.txt,1
COCO_val2014_000000112988.txt,1
COCO_val2014_000000113040.txt,1
COCO_val2014_000000113126.txt,1
COCO_val2014_000000113440.txt,1
COCO_val2014_000000115776.txt,1
COCO_val2014_000000116206.txt,1
COCO_val2014_000000117425.txt,1
COCO_val2014_000000118788.txt,1
COCO_val2014_000000119414.txt,1
COCO_val2014_000000119785.txt,1
COCO_val2014_000000121875.txt,1
COCO_val2014_000000122020.txt,1
COCO_val2014_000000123585.txt,1
COCO_val2014_000000123810.txt,1
COCO_val2014_000000124135.txt,1
COCO_val2014_000000124940.txt,1
COCO_val2014_000000125107.txt,0
COCO_val2014_000000127141.txt,1
COCO_val2014_000000127161.txt,1
COCO_val2014_000000128224.txt,1
COCO_val2014_000000128377.txt,0
COCO_val2014_000000129113.txt,1
COCO_val2014_000000131138.txt,1
COCO_val2014_000000131725.txt,1
COCO_val2014_000000131841.txt,1
COCO_val2014_000000132059.txt,1
COCO_val2014_000000132415.txt,1
COCO_val2014_000000132587.txt,0
COCO_val2014_000000133050.txt,1
COCO_val2014_000000133412.txt,1
COCO_val2014_000000133698.txt,1
COCO_val2014_000000134133.txt,1
COCO_val2014_000000135029.txt,1
COCO_val2014_000000135748.txt,0
COCO_val2014_000000136270.txt,1
COCO_val2014_000000136795.txt,1
COCO_val2014_000000137938.txt,1
COCO_val2014_000000137967.txt,0
COCO_val2014_000000138086.txt,0
COCO_val2014_000000139306.txt,1
COCO_val2014_000000140388.txt,1
COCO_val2014_000000143450.txt,1
COCO_val2014_000000144200.txt,1
COCO_val2014_000000145318.txt,1
COCO_val2014_000000145436.txt,1
COCO_val2014_000000146489.txt,0
COCO_val2014_000000146614.txt,0
COCO_val2014_000000147309.txt,1
COCO_val2014_000000148067.txt,1
COCO_val2014_000000148444.txt,1
COCO_val2014_000000148830.txt,1
COCO_val2014_000000149251.txt,1
COCO_val2014_000000149284.txt,1
COCO_val2014_000000151387.txt,1
COCO_val2014_000000152776.txt,1
COCO_val2014_000000153506.txt,1
COCO_val2014_000000153632.txt,1
COCO_val2014_000000154590.txt,0
COCO_val2014_000000157138.txt,1
COCO_val2014_000000157876.txt,1
COCO_val2014_000000158635.txt,1
COCO_val2014_000000158641.txt,0
COCO_val2014_000000158956.txt,1
COCO_val2014_000000160057.txt,1
COCO_val2014_000000161807.txt,1
COCO_val2014_000000162092.txt,1
COCO_val2014_000000163255.txt,0
COCO_val2014_000000163611.txt,1
COCO_val2014_000000164899.txt,1
COCO_val2014_000000165009.txt,1
COCO_val2014_000000165014.txt,1
COCO_val2014_000000165464.txt,1
COCO_val2014_000000165686.txt,1
COCO_val2014_000000166704.txt,1
COCO_val2014_000000166805.txt,1
COCO_val2014_000000167131.txt,1
COCO_val2014_000000167724.txt,1
COCO_val2014_000000168544.txt,1
COCO_val2014_000000168650.txt,0
COCO_val2014_000000168775.txt,1
COCO_val2014_000000169500.txt,1
COCO_val2014_000000169808.txt,1
COCO_val2014_000000170038.txt,1
COCO_val2014_000000170411.txt,1
COCO_val2014_000000170658.txt,1
COCO_val2014_000000172137.txt,0
COCO_val2014_000000173208.txt,1
COCO_val2014_000000174206.txt,1
COCO_val2014_000000174740.txt,0
COCO_val2014_000000175718.txt,0
COCO_val2014_000000176211.txt,1
COCO_val2014_000000176841.txt,1
COCO_val2014_000000178748.txt,1
COCO_val2014_000000180718.txt,1
COCO_val2014_000000180869.txt,0
COCO_val2014_000000181576.txt,1
COCO_val2014_000000182213.txt,0
COCO_val2014_000000182334.txt,0
COCO_val2014_000000182362.txt,0
COCO_val2014_000000182417.txt,1
COCO_val2014_000000182715.txt,1
COCO_val2014_000000184241.txt,0
COCO_val2014_000000184746.txt,1
COCO_val2014_000000185807.txt,1
COCO_val2014_000000188616.txt,1
COCO_val2014_000000189451.txt,1
COCO_val2014_000000189855.txt,1
COCO_val2014_000000190306.txt,1
COCO_val2014_000000190585.txt,1
COCO_val2014_000000191724.txt,1
COCO_val2014_000000191772.txt,0
COCO_val2014_000000192296.txt,0
COCO_val2014_000000193332.txt,1
COCO_val2014_000000194755.txt,1
COCO_val2014_000000195559.txt,1
COCO_val2014_000000196009.txt,1
COCO_val2014_000000196462.txt,1
COCO_val2014_000000197756.txt,0
COCO_val2014_000000199771.txt,1
COCO_val2014_000000200291.txt,1
COCO_val2014_000000200583.txt,0
COCO_val2014_000000200978.txt,1
COCO_val2014_000000203416.txt,1
COCO_val2014_000000204502.txt,0
COCO_val2014_000000205308.txt,1
COCO_val2014_000000205570.txt,1
COCO_val2014_000000205605.txt,0
COCO_val2014_000000206049.txt,1
COCO_val2014_000000207431.txt,1
COCO_val2014_000000208825.txt,1
COCO_val2014_000000209570.txt,1
COCO_val2014_000000209930.txt,0
COCO_val2014_000000210030.txt,1
COCO_val2014_000000210103.txt,1
COCO_val2014_000000211756.txt,1
COCO_val2014_000000212587.txt,1
COCO_val2014_000000213359.txt,1
COCO_val2014_000000213579.txt,1
COCO_val2014_000000213881.txt,1
COCO_val2014_000000214349.txt,1
COCO_val2014_000000214494.txt,1
COCO_val2014_000000214720.txt,1
COCO_val2014_000000215062.txt,1
COCO_val2014_000000215872.txt,1
COCO_val2014_000000217272.txt,1
COCO_val2014_000000219135.txt,0
COCO_val2014_000000220111.txt,1
COCO_val2014_000000220531.txt,1
COCO_val2014_000000220607.txt,0
COCO_val2014_000000220638.txt,1
COCO_val2014_000000221199.txt,1
COCO_val2014_000000221829.txt,1
COCO_val2014_000000221872.txt,1
COCO_val2014_000000221911.txt,1
COCO_val2014_000000222842.txt,1
COCO_val2014_000000223090.txt,1
COCO_val2014_000000223714.txt,1
COCO_val2014_000000226171.txt,0
COCO_val2014_000000227765.txt,1
COCO_val2014_000000227960.txt,1
COCO_val2014_000000228749.txt,1
COCO_val2014_000000231527.txt,1
COCO_val2014_000000232612.txt,1
COCO_val2014_000000232627.txt,1
COCO_val2014_000000232852.txt,1
COCO_val2014_000000232865.txt,1
COCO_val2014_000000234934.txt,1
COCO_val2014_000000235564.txt,1
COCO_val2014_000000235575.txt,1
COCO_val2014_000000236721.txt,1
COCO_val2014_000000238708.txt,1
COCO_val2014_000000239252.txt,0
COCO_val2014_000000240742.txt,1
COCO_val2014_000000241124.txt,0
COCO_val2014_000000241149.txt,1
COCO_val2014_000000241431.txt,1
COCO_val2014_000000242138.txt,1
COCO_val2014_000000243104.txt,1
COCO_val2014_000000243626.txt,1
COCO_val2014_000000245242.txt,1
COCO_val2014_000000245874.txt,1
COCO_val2014_000000247782.txt,1
COCO_val2014_000000248142.txt,0
COCO_val2014_000000248314.txt,1
COCO_val2014_000000249506.txt,0
COCO_val2014_000000251967.txt,1
COCO_val2014_000000252748.txt,1
COCO_val2014_000000253452.txt,1
COCO_val2014_000000253485.txt,1
COCO_val2014_000000253835.txt,0
COCO_val2014_000000253967.txt,0
COCO_val2014_000000254123.txt,1
COCO_val2014_000000254225.txt,1
COCO_val2014_000000254930.txt,1
COCO_val2014_000000255578.txt,1
COCO_val2014_000000256251.txt,0
COCO_val2014_000000256518.txt,1
COCO_val2014_000000256771.txt,1
COCO_val2014_000000256945.txt,1
COCO_val2014_000000257941.txt,1
COCO_val2014_000000258290.txt,1
COCO_val2014_000000259136.txt,1
COCO_val2014_000000260150.txt,1
COCO_val2014_000000260261.txt,1
COCO_val2014_000000260695.txt,0
COCO_val2014_000000262896.txt,1
COCO_val2014_000000264660.txt,0
COCO_val2014_000000265518.txt,1
COCO_val2014_000000268233.txt,1
COCO_val2014_000000269395.txt,1
COCO_val2014_000000270303.txt,1
COCO_val2014_000000270571.txt,1
COCO_val2014_000000271117.txt,0
COCO_val2014_000000271759.txt,1
COCO_val2014_000000272440.txt,1
COCO_val2014_000000272678.txt,1
COCO_val2014_000000272863.txt,0
COCO_val2014_000000275175.txt,1
COCO_val2014_000000275488.txt,0
COCO_val2014_000000276036.txt,1
COCO_val2014_000000276133.txt,1
COCO_val2014_000000276146.txt,0
COCO_val2014_000000276285.txt,1
COCO_val2014_000000277051.txt,1
COCO_val2014_000000277440.txt,0
COCO_val2014_000000277674.txt,1
COCO_val2014_000000278988.txt,1
COCO_val2014_000000279692.txt,1
COCO_val2014_000000280678.txt,1
COCO_val2014_000000280810.txt,1
COCO_val2014_000000283168.txt,1
COCO_val2014_000000287667.txt,1
COCO_val2014_000000288762.txt,1
COCO_val2014_000000291686.txt,1
COCO_val2014_000000292024.txt,1
COCO_val2014_000000292033.txt,1
COCO_val2014_000000292363.txt,1
COCO_val2014_000000292769.txt,1
COCO_val2014_000000293148.txt,1
COCO_val2014_000000293855.txt,1
COCO_val2014_000000293858.txt,0
COCO_val2014_000000294407.txt,1
COCO_val2014_000000294475.txt,0
COCO_val2014_000000296960.txt,1
COCO_val2014_000000297299.txt,0
COCO_val2014_000000297300.txt,1
COCO_val2014_000000297425.txt,1
COCO_val2014_000000297830.txt,0
COCO_val2014_000000298138.txt,1
COCO_val2014_000000298172.txt,1
COCO_val2014_000000298261.txt,0
COCO_val2014_000000301221.txt,1
COCO_val2014_000000301415.txt,0
COCO_val2014_000000301912.txt,1
COCO_val2014_000000301950.txt,1
COCO_val2014_000000301991.txt,1
COCO_val2014_000000302310.txt,0
COCO_val2014_000000303670.txt,0
COCO_val2014_000000304984.txt,1
COCO_val2014_000000305738.txt,1
COCO_val2014_000000306638.txt,1
COCO_val2014_000000306889.txt,1
COCO_val2014_000000307034.txt,1
COCO_val2014_000000307731.txt,1
COCO_val2014_000000307995.txt,0
COCO_val2014_000000309813.txt,1
COCO_val2014_000000310121.txt,1
COCO_val2014_000000310302.txt,0
COCO_val2014_000000311385.txt,1
COCO_val2014_000000311553.txt,1
COCO_val2014_000000313783.txt,1
COCO_val2014_000000314016.txt,0
COCO_val2014_000000315073.txt,0
COCO_val2014_000000315641.txt,1
COCO_val2014_000000318114.txt,1
COCO_val2014_000000318405.txt,1
COCO_val2014_000000318455.txt,1
COCO_val2014_000000321035.txt,1
COCO_val2014_000000323291.txt,1
COCO_val2014_000000327436.txt,1
COCO_val2014_000000327567.txt,1
COCO_val2014_000000327780.txt,1
COCO_val2014_000000328757.txt,1
COCO_val2014_000000329014.txt,1
COCO_val2014_000000331475.txt,1
COCO_val2014_000000331712.txt,1
COCO_val2014_000000334118.txt,1
COCO_val2014_000000335207.txt,1
COCO_val2014_000000338949.txt,1
COCO_val2014_000000340811.txt,1
COCO_val2014_000000345941.txt,1
COCO_val2014_000000346262.txt,1
COCO_val2014_000000346638.txt,0
COCO_val2014_000000347216.txt,1
COCO_val2014_000000347568.txt,1
COCO_val2014_000000347740.txt,0
COCO_val2014_000000348941.txt,1
COCO_val2014_000000351319.txt,1
COCO_val2014_000000351331.txt,1
COCO_val2014_000000352234.txt,1
COCO_val2014_000000356236.txt,1
COCO_val2014_000000358427.txt,1
COCO_val2014_000000359945.txt,1
COCO_val2014_000000361351.txt,0
COCO_val2014_000000361972.txt,1
COCO_val2014_000000363431.txt,1
COCO_val2014_000000363645.txt,0
COCO_val2014_000000364911.txt,1
COCO_val2014_000000365121.txt,1
COCO_val2014_000000367424.txt,1
COCO_val2014_000000368142.txt,1
COCO_val2014_000000368218.txt,1
COCO_val2014_000000368752.txt,1
COCO_val2014_000000369771.txt,1
COCO_val2014_000000370953.txt,0
COCO_val2014_000000373374.txt,1
COCO_val2014_000000376295.txt,1
COCO_val2014_000000377427.txt,1
COCO_val2014_000000377611.txt,1
COCO_val2014_000000377910.txt,1
COCO_val2014_000000378614.txt,0
COCO_val2014_000000381413.txt,1
COCO_val2014_000000383846.txt,1
COCO_val2014_000000384671.txt,0
COCO_val2014_000000385707.txt,0
COCO_val2014_000000386841.txt,1
COCO_val2014_000000389004.txt,1
COCO_val2014_000000390134.txt,1
COCO_val2014_000000390157.txt,0
COCO_val2014_000000391029.txt,1
COCO_val2014_000000391891.txt,1
COCO_val2014_000000391972.txt,1
COCO_val2014_000000392048.txt,1
COCO_val2014_000000392637.txt,1
COCO_val2014_000000392753.txt,1
COCO_val2014_000000392991.txt,1
COCO_val2014_000000393682.txt,1
COCO_val2014_000000393804.txt,1
COCO_val2014_000000394940.txt,1
COCO_val2014_000000395831.txt,1
COCO_val2014_000000395904.txt,0
COCO_val2014_000000397041.txt,1
COCO_val2014_000000400052.txt,0
COCO_val2014_000000400139.txt,1
COCO_val2014_000000400794.txt,1
COCO_val2014_000000401027.txt,1
COCO_val2014_000000401092.txt,1
COCO_val2014_000000402528.txt,1
COCO_val2014_000000402712.txt,1
COCO_val2014_000000404209.txt,1
COCO_val2014_000000404668.txt,1
COCO_val2014_000000406093.txt,1
COCO_val2014_000000406616.txt,1
COCO_val2014_000000408906.txt,1
COCO_val2014_000000409217.txt,1
COCO_val2014_000000410627.txt,1
COCO_val2014_000000410641.txt,1
COCO_val2014_000000411330.txt,1
COCO_val2014_000000412464.txt,1
COCO_val2014_000000413008.txt,1
COCO_val2014_000000414201.txt,1
COCO_val2014_000000415073.txt,0
COCO_val2014_000000415179.txt,1
COCO_val2014_000000415768.txt,1
COCO_val2014_000000417285.txt,1
COCO_val2014_000000418275.txt,0
COCO_val2014_000000419723.txt,1
COCO_val2014_000000419860.txt,0
COCO_val2014_000000420229.txt,1
COCO_val2014_000000420666.txt,1
COCO_val2014_000000421231.txt,1
COCO_val2014_000000421703.txt,1
COCO_val2014_000000423141.txt,0
COCO_val2014_000000423618.txt,1
COCO_val2014_000000424842.txt,1
COCO_val2014_000000425805.txt,0
COCO_val2014_000000430238.txt,1
COCO_val2014_000000430469.txt,1
COCO_val2014_000000430533.txt,1
COCO_val2014_000000431594.txt,1
COCO_val2014_000000433505.txt,0
COCO_val2014_000000434179.txt,1
COCO_val2014_000000438226.txt,1
COCO_val2014_000000439224.txt,1
COCO_val2014_000000441541.txt,1
COCO_val2014_000000442348.txt,1
COCO_val2014_000000442724.txt,1
COCO_val2014_000000445200.txt,1
COCO_val2014_000000448511.txt,1
COCO_val2014_000000448600.txt,1
COCO_val2014_000000449976.txt,0
COCO_val2014_000000450100.txt,1
COCO_val2014_000000450202.txt,1
COCO_val2014_000000452084.txt,1
COCO_val2014_000000452846.txt,1
COCO_val2014_000000454161.txt,1
COCO_val2014_000000455608.txt,1
COCO_val2014_000000456750.txt,1
COCO_val2014_000000456784.txt,1
COCO_val2014_000000456816.txt,1
COCO_val2014_000000456991.txt,1
COCO_val2014_000000457581.txt,1
COCO_val2014_000000459382.txt,1
COCO_val2014_000000460266.txt,1
COCO_val2014_000000460494.txt,1
COCO_val2014_000000460929.txt,0
COCO_val2014_000000461572.txt,1
COCO_val2014_000000462327.txt,1
COCO_val2014_000000463555.txt,1
COCO_val2014_000000463703.txt,1
COCO_val2014_000000465430.txt,1
COCO_val2014_000000465552.txt,1
COCO_val2014_000000466256.txt,1
COCO_val2014_000000467726.txt,1
COCO_val2014_000000467973.txt,0
COCO_val2014_000000469936.txt,1
COCO_val2014_000000470318.txt,1
COCO_val2014_000000470364.txt,1
COCO_val2014_000000472164.txt,1
COCO_val2014_000000472246.txt,1
COCO_val2014_000000472478.txt,0
COCO_val2014_000000472803.txt,1
COCO_val2014_000000474167.txt,0
COCO_val2014_000000475248.txt,1
COCO_val2014_000000475990.txt,1
COCO_val2014_000000476175.txt,1
COCO_val2014_000000478155.txt,1
COCO_val2014_000000478759.txt,1
COCO_val2014_000000480536.txt,0
COCO_val2014_000000482730.txt,1
COCO_val2014_000000484069.txt,1
COCO_val2014_000000484280.txt,1
COCO_val2014_000000484432.txt,1
COCO_val2014_000000484531.txt,0
COCO_val2014_000000485972.txt,1
COCO_val2014_000000486254.txt,1
COCO_val2014_000000487289.txt,1
COCO_val2014_000000488645.txt,1
COCO_val2014_000000490701.txt,1
COCO_val2014_000000493799.txt,1
COCO_val2014_000000493868.txt,1
COCO_val2014_000000496954.txt,1
COCO_val2014_000000498537.txt,1
COCO_val2014_000000500492.txt,0
COCO_val2014_000000503137.txt,1
COCO_val2014_000000504711.txt,1
COCO_val2014_000000504932.txt,1
COCO_val2014_000000505899.txt,1
COCO_val2014_000000507273.txt,1
COCO_val2014_000000508748.txt,1
COCO_val2014_000000509577.txt,1
COCO_val2014_000000509855.txt,1
COCO_val2014_000000510138.txt,0
COCO_val2014_000000510275.txt,0
COCO_val2014_000000512013.txt,1
COCO_val2014_000000512912.txt,1
COCO_val2014_000000512929.txt,1
COCO_val2014_000000512989.txt,1
COCO_val2014_000000513220.txt,1
COCO_val2014_000000513727.txt,1
COCO_val2014_000000515885.txt,0
COCO_val2014_000000516341.txt,0
COCO_val2014_000000516641.txt,1
COCO_val2014_000000516879.txt,1
COCO_val2014_000000518039.txt,1
COCO_val2014_000000518592.txt,1
COCO_val2014_000000519299.txt,1
COCO_val2014_000000520012.txt,1
COCO_val2014_000000520077.txt,0
COCO_val2014_000000521540.txt,1
COCO_val2014_000000522418.txt,1
COCO_val2014_000000523175.txt,1
COCO_val2014_000000523869.txt,1
COCO_val2014_000000526536.txt,1
COCO_val2014_000000528399.txt,1
COCO_val2014_000000528516.txt,1
COCO_val2014_000000533506.txt,0
COCO_val2014_000000533721.txt,0
COCO_val2014_000000533976.txt,1
COCO_val2014_000000535151.txt,1
COCO_val2014_000000535626.txt,1
COCO_val2014_000000539926.txt,1
COCO_val2014_000000540172.txt,1
COCO_val2014_000000542777.txt,1
COCO_val2014_000000543330.txt,1
COCO_val2014_000000544565.txt,1
COCO_val2014_000000545385.txt,1
COCO_val2014_000000546832.txt,0
COCO_val2014_000000547630.txt,1
COCO_val2014_000000547759.txt,0
COCO_val2014_000000549224.txt,1
COCO_val2014_000000549255.txt,0
COCO_val2014_000000550471.txt,1
COCO_val2014_000000550707.txt,1
COCO_val2014_000000550862.txt,1
COCO_val2014_000000551780.txt,1
COCO_val2014_000000551998.txt,0
COCO_val2014_000000552061.txt,1
COCO_val2014_000000552352.txt,1
COCO_val2014_000000553353.txt,0
COCO_val2014_000000554037.txt,1
COCO_val2014_000000554980.txt,1
COCO_val2014_000000555739.txt,1
COCO_val2014_000000557998.txt,0
COCO_val2014_000000558642.txt,1
COCO_val2014_000000558809.txt,1
COCO_val2014_000000558864.txt,1
COCO_val2014_000000559707.txt,1
COCO_val2014_000000560427.txt,1
COCO_val2014_000000560598.txt,1
COCO_val2014_000000560700.txt,0
COCO_val2014_000000562059.txt,1
COCO_val2014_000000562856.txt,0
COCO_val2014_000000562897.txt,1
COCO_val2014_000000563153.txt,1
COCO_val2014_000000564197.txt,1
COCO_val2014_000000565903.txt,0
COCO_val2014_000000566502.txt,1
COCO_val2014_000000568398.txt,1
COCO_val2014_000000569274.txt,1
COCO_val2014_000000569333.txt,1
COCO_val2014_000000569926.txt,1
COCO_val2014_000000570782.txt,1
COCO_val2014_000000571786.txt,0
COCO_val2014_000000571847.txt,1
COCO_val2014_000000572811.txt,0
COCO_val2014_000000573565.txt,1
COCO_val2014_000000573791.txt,1
COCO_val2014_000000574103.txt,1
COCO_val2014_000000574509.txt,1
COCO_val2014_000000574837.txt,1
COCO_val2014_000000575020.txt,0
COCO_val2014_000000577853.txt,1
COCO_val2014_000000578391.txt,0
COCO_val2014_000000579201.txt,1
COCO_val2014_000000579760.txt,0
COCO_val2014_000000579918.txt,0
COCO_val2014_000000580608.txt,0
COCO_val2014_000000581593.txt,1
coffee_cup_no_logo (1).txt,1
coffee_cup_no_logo (10).txt,1
coffee_cup_no_logo (11).txt,1
coffee_cup_no_logo (12).txt,1
coffee_cup_no_logo (13).txt,1
coffee_cup_no_logo (14).txt,1
coffee_cup_no_logo (15).txt,1
coffee_cup_no_logo (16).txt,1
coffee_cup_no_logo (17).txt,1
coffee_cup_no_logo (18).txt,1
coffee_cup_no_logo (2).txt,1
coffee_cup_no_logo (3).txt,1
coffee_cup_no_logo (4).txt,1
coffee_cup_no_logo (5).txt,1
coffee_cup_no_logo (6).txt,1
coffee_cup_no_logo (7).txt,1
coffee_cup_no_logo (8).txt,1
coffee_cup_no_logo (9).txt,1
condiment_packets_00008.txt,5
condiment_packets_00028.txt,5
condiment_packets_00102.txt,5
condiment_packets_00107.txt,5
condiment_packets_00114.txt,5
condiment_packets_00121.txt,5
condiment_packets_00168.txt,5
condiment_packets_00169.txt,5
condiment_packets_00190.txt,5
condiment_packets_00219.txt,5
condiment_packets_00283.txt,5
condiment_packets_00303.txt,5
condiment_packets_00330.txt,5
condiment_packets_00335.txt,5
condiment_packets_00338.txt,5
condiment_packets_00355.txt,5
condiment_packets_00367.txt,5
condiment_packets_00374.txt,5
condiment_packets_00375.txt,5
condiment_packets_00379.txt,5
condiment_packets_00383.txt,5
condiment_packets_00392.txt,5
condiment_packets_00403.txt,5
condiment_packets_00412.txt,5
condiment_packets_00429.txt,5
condiment_packets_00434.txt,5
condiment_packets_00445.txt,5
condiment_packets_00488.txt,5
condiment_packets_00495.txt,5
condiment_packets_00512.txt,5
condiment_packets_00521.txt,5
condiment_packets_00555.txt,5
condiment_packets_00642.txt,5
condiment_packets_00645.txt,5
condiment_packets_00649.txt,5
condiment_packets_00650.txt,5
condiment_packets_00672.txt,5
condiment_packets_00691.txt,5
condiment_packets_00696.txt,5
condiment_packets_00707.txt,5
condiment_packets_00710.txt,5
condiment_packets_00749.txt,5
condiment_packet_00006.txt,5
condiment_packet_00015.txt,5
condiment_packet_00017.txt,5
condiment_packet_00046.txt,5
condiment_packet_00048.txt,5
condiment_packet_00065.txt,5
condiment_packet_00072.txt,5
condiment_packet_00073.txt,5
condiment_packet_00117.txt,5
condiment_packet_00119.txt,5
condiment_packet_00126.txt,5
condiment_packet_00127.txt,5
condiment_packet_00139.txt,5
condiment_packet_00140.txt,5
condiment_packet_00147.txt,5
condiment_packet_00151.txt,5
condiment_packet_00156.txt,5
condiment_packet_00163.txt,5
condiment_packet_00170.txt,5
d06af767647625b0.txt,1
d13cfe175b9c6b0d.txt,1
d39aabadf6b27bc2.txt,1
d49c6e373e852c2b.txt,0
d4e6f18989f832e6.txt,0
d53222d5b5cfab78.txt,1
d5476d97c71d051c.txt,0
d5bbc03da4938635.txt,1
d5ddefc8089d3c72.txt,1
d7aa2d8650a749d8.txt,1
d867a12dab45a459.txt,1
d8858b8e577728de.txt,0
d8eb28ba3b7b1e19.txt,1
d90df9e98df1fc17.txt,0
d93f755cf12d6e3d.txt,0
d973420311b00730.txt,0
da63edd808035c0c.txt,1
da9aeca3cd9c5ce6.txt,0
db9ee053c5fa8997.txt,1
dc77f4e27dbb3e52.txt,1
ddefb791250d5775.txt,7
de1124cbadca5ede.txt,1
dedf73d206b20bbd.txt,0
drink_cup_java_city (1).txt,1
drink_cup_java_city (10).txt,1
drink_cup_java_city (11).txt,1
drink_cup_java_city (12).txt,1
drink_cup_java_city (13).txt,1
drink_cup_java_city (14).txt,1
drink_cup_java_city (15).txt,1
drink_cup_java_city (16).txt,1
drink_cup_java_city (17).txt,1
drink_cup_java_city (18).txt,1
drink_cup_java_city (20).txt,1
drink_cup_java_city (21).txt,1
drink_cup_java_city (22).txt,1
drink_cup_java_city (23).txt,1
drink_cup_java_city (24).txt,1
drink_cup_java_city (25).txt,1
drink_cup_java_city (26).txt,1
drink_cup_java_city (27).txt,1
drink_cup_java_city (28).txt,1
drink_cup_java_city (29).txt,1
drink_cup_java_city (30).txt,1
drink_cup_java_city (31).txt,1
drink_cup_java_city (32).txt,1
drink_cup_java_city (33).txt,1
drink_cup_java_city (34).txt,1
drink_cup_java_city (35).txt,1
drink_cup_java_city (36).txt,1
drink_cup_java_city (37).txt,1
drink_cup_java_city (38).txt,1
drink_cup_java_city (39).txt,1
drink_cup_java_city (4).txt,1
drink_cup_java_city (40).txt,1
drink_cup_java_city (41).txt,1
drink_cup_java_city (42).txt,1
drink_cup_java_city (43).txt,1
drink_cup_java_city (44).txt,1
drink_cup_java_city (45).txt,1
drink_cup_java_city (46).txt,1
drink_cup_java_city (47).txt,1
drink_cup_java_city (48).txt,1
drink_cup_java_city (49).txt,1
drink_cup_java_city (5).txt,1
drink_cup_java_city (52).txt,1
drink_cup_java_city (53).txt,1
drink_cup_java_city (54).txt,1
drink_cup_java_city (55).txt,1
drink_cup_java_city (56).txt,1
drink_cup_java_city (57).txt,1
drink_cup_java_city (6).txt,1
drink_cup_java_city (7).txt,1
drink_cup_java_city (8).txt,1
drink_cup_java_city (9).txt,1
drink_cup_pepsi (10).txt,1
drink_cup_pepsi (11).txt,1
drink_cup_pepsi (12).txt,1
drink_cup_pepsi (13).txt,1
drink_cup_pepsi (14).txt,1
drink_cup_pepsi (15).txt,1
drink_cup_pepsi (16).txt,1
drink_cup_pepsi (17).txt,1
drink_cup_pepsi (18).txt,1
drink_cup_pepsi (19).txt,1
drink_cup_pepsi (2).txt,1
drink_cup_pepsi (20).txt,1
drink_cup_pepsi (21).txt,1
drink_cup_pepsi (22).txt,1
drink_cup_pepsi (23).txt,1
drink_cup_pepsi (24).txt,1
drink_cup_pepsi (25).txt,1
drink_cup_pepsi (26).txt,1
drink_cup_pepsi (27).txt,1
drink_cup_pepsi (28).txt,1
drink_cup_pepsi (29).txt,1
drink_cup_pepsi (3).txt,1
drink_cup_pepsi (30).txt,1
drink_cup_pepsi (31).txt,1
drink_cup_pepsi (32).txt,1
drink_cup_pepsi (33).txt,1
drink_cup_pepsi (34).txt,1
drink_cup_pepsi (35).txt,1
drink_cup_pepsi (36).txt,1
drink_cup_pepsi (37).txt,1
drink_cup_pepsi (38).txt,1
drink_cup_pepsi (39).txt,1
drink_cup_pepsi (4).txt,1
drink_cup_pepsi (40).txt,1
drink_cup_pepsi (41).txt,1
drink_cup_pepsi (42).txt,1
drink_cup_pepsi (43).txt,1
drink_cup_pepsi (44).txt,1
drink_cup_pepsi (45).txt,1
drink_cup_pepsi (46).txt,1
drink_cup_pepsi (47).txt,1
drink_cup_pepsi (48).txt,1
drink_cup_pepsi (49).txt,1
drink_cup_pepsi (5).txt,1
drink_cup_pepsi (50).txt,1
drink_cup_pepsi (51).txt,1
drink_cup_pepsi (52).txt,1
drink_cup_pepsi (53).txt,1
drink_cup_pepsi (54).txt,1
drink_cup_pepsi (55).txt,1
drink_cup_pepsi (56).txt,1
drink_cup_pepsi (57).txt,1
drink_cup_pepsi (58).txt,1
drink_cup_pepsi (59).txt,1
drink_cup_pepsi (6).txt,1
drink_cup_pepsi (60).txt,1
drink_cup_pepsi (61).txt,1
drink_cup_pepsi (62).txt,1
drink_cup_pepsi (63).txt,1
drink_cup_pepsi (64).txt,1
drink_cup_pepsi (65).txt,1
drink_cup_pepsi (66).txt,1
drink_cup_pepsi (67).txt,1
drink_cup_pepsi (68).txt,1
drink_cup_pepsi (69).txt,1
drink_cup_pepsi (7).txt,1
drink_cup_pepsi (70).txt,1
drink_cup_pepsi (71).txt,1
drink_cup_pepsi (72).txt,1
drink_cup_pepsi (73).txt,1
drink_cup_pepsi (74).txt,1
drink_cup_pepsi (75).txt,1
drink_cup_pepsi (76).txt,1
drink_cup_pepsi (77).txt,1
drink_cup_pepsi (78).txt,1
drink_cup_pepsi (79).txt,1
drink_cup_pepsi (8).txt,1
drink_cup_pepsi (80).txt,1
drink_cup_pepsi (81).txt,1
drink_cup_pepsi (82).txt,1
drink_cup_pepsi (83).txt,1
drink_cup_pepsi (84).txt,1
e002eb3187bdd9d2.txt,0
e0286dae08ad9f7e.txt,0
e02cf439f170d150.txt,0
e0451258f260cd5f.txt,1
e046ba36b18fdf85.txt,0
e04df6a883bd81bc.txt,0
e04e5b1a672d7b43.txt,0
e056fa3fa04e2080.txt,0
e06ebcb7d84067d3.txt,0
e0880b062693a57f.txt,7
e0887b0663d820d4.txt,0
e08cf98a3516e905.txt,0
e09413d007bf5c9d.txt,0
e0a636bcaee729f5.txt,0
e0b42e70965e6e85.txt,0
e0bb21c1a92a982a.txt,0
e0c839ee7c01e72a.txt,0
e0d7d323923a93bb.txt,0
e0de73492ea80c0f.txt,0
e0e089fb68aaf0f2.txt,0
e0ea237061c19a76.txt,0
e10b1ce466da9412.txt,0
e11dfeb7dbf842fd.txt,0
e129e295ed0673e9.txt,0
e12b93cdec6ca817.txt,0
e147c448b37737a3.txt,1
e14c492013d1598f.txt,0
e16318d064abb7ee.txt,0
e1644d384051678c.txt,0
e166307bd794c6cf.txt,0
e1813a83735d175a.txt,0
e18747261571f7bd.txt,0
e19a9bf439444d24.txt,0
e1a14bcb4cc03eb6.txt,1
e1a3fb6070292f79.txt,0
e1b781b6508297d9.txt,0
e1c5eb248a0f3e48.txt,0
e1cd14ff0211a815.txt,0
e1d25f1f44640d8c.txt,0
e1d310d0ff44b7ee.txt,0
e1d821596940f3e5.txt,0
e1ec5278e8637fde.txt,0
e1f2937a9d457b15.txt,1
e2010bdbb125611b.txt,0
e211706cce5a6646.txt,0
e217b6f05ae3f189.txt,0
e22c30a53ad65c90.txt,7
e232f1bba984cd2a.txt,1
e234d52be50fe91f.txt,0
e238e66c8d3e1206.txt,0
e23d4c53944f85cb.txt,0
e24f90469ccaf971.txt,0
e254026fb8099164.txt,1
e260f152330dd4e8.txt,1
e27ee75e590405a6.txt,0
e283b2912b0e98fd.txt,0
e2921a4b322d183b.txt,0
e29ecdcf1bd085b5.txt,1
e2abdab2c9bf6b5a.txt,0
e2b3c1a87966781c.txt,0
e2bca833e6cd14ea.txt,0
e2bdd8f51900deca.txt,0
e2c9902696cdcca0.txt,0
e2d213afa8133c9b.txt,1
e2e2fa342ec9ae55.txt,0
e2f8cda5810108e3.txt,0
e314453d92c3ac58.txt,1
e315eaa635834c77.txt,0
e318e72355fe0e8c.txt,1
e3244dd287936613.txt,0
e32d11b3356e77da.txt,0
e3473320b32ae9b6.txt,1
e359efa775a7484c.txt,0
e35af5edf6fcf4bf.txt,0
e364c036d7091897.txt,0
e366bb9f87a0d45b.txt,0
e37602351ac227a4.txt,0
e37b7c9eb6048c0a.txt,1
e37c08b87673d15e.txt,0
e38e138c0f1977f0.txt,1
e39361bc966cdf0d.txt,0
e3a145bcb18b27d4.txt,0
e3a9acf6892264b4.txt,0
e3b23f458aa11b58.txt,0
e3bd95f7770b08bf.txt,0
e3bf4cce178b3621.txt,0
e3c476748150a89f.txt,0
e3c4d1bbc8709eee.txt,1
e3dde7f2a8d1671a.txt,7
e3e0c3ca45abdff1.txt,0
e3e313696331d9fd.txt,0
e3f2d6758fd488ad.txt,0
e401a8e202f2a192.txt,0
e4026c6be48696ae.txt,1
e406872285f3aeda.txt,1
e40e7cea5c9df45c.txt,0
e42087f71160adc8.txt,7
e42360c87e309555.txt,1
e4281f8fee44a95a.txt,0
e42c3c7ae18d11bf.txt,0
e434650f3bcf3e95.txt,0
e435cfadd7ef6b80.txt,1
e437fe69a8fc84fc.txt,0
e44b05ee154f52d8.txt,1
e452ae686cb09542.txt,0
e45f618ac9da8fa9.txt,0
e4607f228b6d0c78.txt,1
e460f378a2f9910a.txt,0
e4643f1cd0a73dc8.txt,0
e4746e7f86c136e1.txt,7
e485271f0c0e61dd.txt,0
e4914d398f505a48.txt,1
e4963abaaf4bd7e7.txt,0
e4a871b4efc45f22.txt,0
e4abcdba6e2dc36a.txt,0
e4b03fa2e286d116.txt,7
e4ba3e4a5fc73618.txt,0
e4bb85a532ba2681.txt,0
e4d8adb8c059c5cb.txt,0
e4ddd6df39ab08c7.txt,1
e4ec1a35d74f4d14.txt,1
e4f32f0d47958bfb.txt,7
e500291ead830278.txt,0
e514b34b30dd85e3.txt,0
e529a2ed8ec312ab.txt,7
e52ed349c283fec5.txt,0
e5451c01de3ece58.txt,0
e55bbc856b7ec160.txt,1
e57efcf357f2c540.txt,1
e58c34720018cc35.txt,0
e5a003eaf674a6a7.txt,0
e5a32c0baa07ab72.txt,0
e5a3b764d52892a9.txt,0
e5a4655fac882318.txt,0
e5aa8e8af2653982.txt,0
e5ad5b716b903c67.txt,0
e5b72bdd001d2f53.txt,0
e5b879eb81fa3895.txt,0
e5c89aeb29c90b26.txt,0
e5cb08ab1c89e45a.txt,0
e5cddb797f232035.txt,0
e5d2acd71adacfd9.txt,0
e5dd64426447cdf4.txt,0
e5f92586aeed1724.txt,7
e5fb0f0df82b3c09.txt,1
e6031caf93499382.txt,1
e60579653386be05.txt,0
e60db9b6eea640cf.txt,0
e610a7a736e7b3a6.txt,0
e61bc6565e66ff85.txt,0
e62ae85767e5ca76.txt,1
e630da9c85f57fd8.txt,0
e6346217c5944361.txt,1
e63578c6f180552d.txt,0
e644b5ddee4c334c.txt,0
e64fc4616928cfc9.txt,0
e6540bed67b68a1b.txt,0
e65c322b456ea74a.txt,1
e65d189a388356f5.txt,0
e664a558201edede.txt,0
e66a455776a66cd3.txt,7
e674f6f846b01cae.txt,0
e67ee43b52efa526.txt,0
e69169bb8e046d4d.txt,0
e6956d1e70b55ef6.txt,0
e69aae9af4441f25.txt,0
e69b1a87df548712.txt,0
e69e2f18b8cb9381.txt,0
e69f301f70d420d3.txt,0
e6bc3eed6cfe0a9c.txt,0
e6ca2c0431ddc12b.txt,0
e6e6c29e3af412df.txt,1
e6ed99279868f6fc.txt,0
e6f81f8567f9c0e2.txt,0
e70e4717dff241b7.txt,0
e730cf58d9e7e992.txt,0
e7323c1d1bd216da.txt,7
e73492620123acb9.txt,0
e7354addeab9c62c.txt,0
e74eb51ad2e7bb53.txt,0
e75e661774e53611.txt,0
e76314422e08921f.txt,0
e7a3c55f496085d4.txt,1
e7bcb24de4bb8f34.txt,0
e7bfe56ae0a63cee.txt,1
e7d4db0805480b89.txt,0
e7d8ed2f7499cff4.txt,0
e7f0a8bed9c83ef7.txt,0
e7fc57f5d5ef1075.txt,0
e7fd846c8514a2b5.txt,0
e8107d3c41016dbe.txt,0
e81828d61f530b01.txt,0
e82c2c8a446d6154.txt,0
e8322cd052ba83e9.txt,0
e83836e2405734a8.txt,0
e847bf1c0ee81ba9.txt,0
e849ed400f19580d.txt,0
e86097b57ef32b80.txt,0
e8769bb05adfa7e5.txt,0
e87f463a26308ae6.txt,0
e895ee978d78459a.txt,0
e8a8da6fffdeefbd.txt,0
e8af56a85fac4479.txt,0
e8be9269b0847483.txt,1
e8d4b34171630d37.txt,0
e8e0c3a0c1bfdea7.txt,0
e8ebbadf9f2fe20c.txt,0
e8f9ac00eade2189.txt,0
e930644584f2afee.txt,0
e939ea7a049503b0.txt,0
e93d5de4b477fb09.txt,0
e941e68da618b089.txt,0
e946781d60ad845f.txt,0
e952c08a3a21a5ed.txt,0
e95ce31fb4e1961a.txt,0
e97134d017d97dec.txt,0
e985e3e086243ff3.txt,0
e98c740c2dc179dd.txt,0
e9c0eab261309eef.txt,0
e9cd09dc999d3d7b.txt,0
e9d460e65ac1988a.txt,0
e9dfe62f0536a1d2.txt,0
e9fd29a108a83a6b.txt,0
ea02ae33354b89f5.txt,1
ea086c8ef0d6deb1.txt,0
ea181533e99c206a.txt,1
ea1f6d8b3ad4a5dd.txt,0
ea3403a6e06fc656.txt,0
ea3db61173a8ed0f.txt,1
ea475d61515810eb.txt,0
ea5c43bfabac8e2e.txt,0
ea5d9a7fb1bad06c.txt,0
ea646e585cc24088.txt,0
ea7de583cf43077a.txt,0
ea8038b5fab57dac.txt,0
ea820a259a90b53f.txt,0
ea86bbe0a3cba9c0.txt,0
ea90a29eb9a4b525.txt,1
ea9e34746fa1ed66.txt,0
eaad5a8c6ebca931.txt,0
eac3b7534d590a0d.txt,1
eac785dee5d3786f.txt,0
ead047bb68eaa1b3.txt,0
eb07452026967c65.txt,0
eb07b58d349c2b12.txt,0
eb0af84d6aff999c.txt,0
eb0b3249b7f1a48e.txt,0
eb18a35332681fba.txt,0
eb6a929172af5a8e.txt,0
eb6af484bd7b8cac.txt,0
eb777c6ab81082dd.txt,0
eb8df9bb3d14609b.txt,0
eba9ed8f7475dc44.txt,0
ebaa58a15f69effb.txt,0
ebb79cd528790401.txt,0
ebb9b26cb77c85e8.txt,0
ebc186c1a301d88b.txt,0
ebd3ea9c314255e4.txt,0
ebe2ca684ded2417.txt,0
ec22d2f63fee6118.txt,1
ec25982fe6e9d661.txt,0
ec2994b8ecdfdb8b.txt,0
ec498591d65595c2.txt,0
ec51902cb1dad489.txt,0
ec531c6652dc0c58.txt,0
ec5c26fef8f626d6.txt,0
ec69b1e347bd0131.txt,0
ec6c7c584afb9348.txt,0
ec83fed5ec7d3620.txt,0
ec92372d588517cd.txt,1
ec93148e830c34a2.txt,0
ec9c5b25cea96bc0.txt,1
eca332f03edbf153.txt,0
ecc961b2afe516b4.txt,0
ecd18a3caa435f0c.txt,0
ecda6fc5bd3e6676.txt,0
ecefb6ec5e273943.txt,0
ecf80ecafd6a13b0.txt,1
ed1e627cbd8c9e05.txt,0
ed27a25beb480437.txt,1
ed3a01c8accb6ee5.txt,0
ed5b8d7df5636391.txt,0
ed69e0304369ce2d.txt,0
ed75f2c55decd84c.txt,0
ed7968c387a37664.txt,0
ed85574c4e3fc26c.txt,0
ed855f0195223058.txt,0
ed91aeec05173a99.txt,0
ed9d2cb9cea8c5b3.txt,0
edcfdac00b13b3ea.txt,0
ede6de74af992081.txt,0
edee3dbbc5a8270a.txt,0
ee01561194cbb3e6.txt,0
ee072b98925902a3.txt,0
ee11f0a07dc8de70.txt,0
ee1961ad9660dcb5.txt,0
ee2e32453b3fa3cc.txt,0
ee32015a2d7f90f2.txt,0
ee352c29a6cff006.txt,0
ee3c360ea7967a03.txt,0
ee4396d887a6d563.txt,0
ee4a60a27621fc16.txt,0
ee5eb1861b74f2fd.txt,0
ee665664cf622986.txt,0
ee6b424cd12fd267.txt,0
ee6cc24b1d098362.txt,0
ee6fbaf56faac0b8.txt,0
ee75903c37b3df7d.txt,0
eea35b006a7067ce.txt,0
eeabe82c84f0c833.txt,0
eeaed31ef2a24b05.txt,1
eebe934fcfd189bd.txt,1
eec61c56dfd35d3a.txt,1
eecb305acfc6fba9.txt,0
eee67a412df7fdcd.txt,0
eeec1596f6d8f1b3.txt,0
eeee09c32f6457d9.txt,0
eef125b33737d19a.txt,0
eefae6457123eff0.txt,0
ef00f6a34cab5ff6.txt,0
ef0aa6400996dc74.txt,0
ef10acd46f2e760a.txt,0
ef2824c088434b4c.txt,1
ef3453f59cbca9cd.txt,0
ef3a4a39ac828f8d.txt,0
ef4a2d90d928fdc0.txt,0
ef68fea03679b6ae.txt,0
ef7dd365b5135319.txt,0
ef8e0f4c5ba42f4a.txt,0
ef984057f206855e.txt,0
efb11932a9e87441.txt,0
efb75c8ddd5e3885.txt,0
efcf1b67ba7db9ba.txt,0
empty starbucks bottle_00011.txt,9
empty starbucks bottle_00013.txt,9
empty starbucks bottle_00015.txt,9
empty starbucks bottle_00026.txt,9
empty starbucks bottle_00043.txt,9
empty starbucks bottle_00045.txt,9
empty starbucks bottle_00048.txt,9
empty starbucks bottle_00054.txt,9
empty starbucks bottle_00058.txt,9
empty starbucks bottle_00061.txt,9
empty starbucks bottle_00068.txt,9
empty starbucks bottle_00087.txt,9
empty starbucks bottle_00092.txt,9
empty starbucks bottle_00101.txt,9
empty starbucks bottle_00109.txt,9
empty starbucks bottle_00115.txt,9
empty starbucks bottle_00147.txt,9
empty starbucks bottle_00154.txt,9
empty starbucks bottle_00181.txt,9
empty starbucks bottle_00214.txt,9
empty starbucks bottle_00226.txt,9
empty starbucks bottle_00333.txt,9
empty starbucks bottle_00353.txt,9
empty starbucks bottle_00355.txt,9
empty starbucks bottle_00373.txt,9
empty starbucks bottle_00374.txt,0
empty starbucks glass bottle_00002.txt,9
empty starbucks glass bottle_00016.txt,9
empty starbucks glass bottle_00017.txt,9
empty starbucks glass bottle_00038.txt,9
empty starbucks glass bottle_00050.txt,9
empty starbucks glass bottle_00053.txt,9
empty starbucks glass bottle_00060.txt,9
empty starbucks glass bottle_00065.txt,9
empty starbucks glass bottle_00086.txt,9
empty starbucks glass bottle_00090.txt,9
empty starbucks glass bottle_00103.txt,9
empty starbucks glass bottle_00118.txt,9
empty starbucks glass bottle_00121.txt,9
empty starbucks glass bottle_00148.txt,0
empty starbucks glass bottle_00151.txt,9
empty starbucks glass bottle_00190.txt,9
empty starbucks glass bottle_00194.txt,9
empty starbucks glass bottle_00205.txt,9
empty starbucks glass bottle_00211.txt,9
empty starbucks glass bottle_00215.txt,9
empty starbucks glass bottle_00223.txt,9
empty starbucks glass bottle_00231.txt,9
empty starbucks glass bottle_00235.txt,9
empty starbucks glass bottle_00239.txt,0
empty starbucks glass bottle_00244.txt,9
empty starbucks glass bottle_00249.txt,9
empty starbucks glass bottle_00252.txt,9
empty starbucks glass bottle_00257.txt,9
empty starbucks glass bottle_00270.txt,9
empty starbucks glass bottle_00275.txt,9
empty starbucks glass bottle_00318.txt,9
empty starbucks glass bottle_00340.txt,9
empty starbucks glass bottle_00370.txt,9
empty starbucks glass bottle_00375.txt,0
empty starbucks glass bottle_00391.txt,9
empty starbucks glass bottle_00394.txt,9
f0451a511ead5f85.txt,1
f093c421cbe0cfa9.txt,1
f2a2a1a0095f5d79.txt,1
f30252eac1c26065.txt,0
f32c09e16027b9be.txt,0
f4231e6145333237.txt,1
f454e8c8bec256ca.txt,0
f5dd831cc9dc7e31.txt,0
f6b021b744352b2f.txt,1
f74c91352bc538b7.txt,1
f8363004afb079a8.txt,1
f90eb6375a763d48.txt,0
f9d51bef4029c20a.txt,0
f9da7da39e0ec15a.txt,1
f9ff30103bfbff7e.txt,1
fa2b2c9f3650923c.txt,0
fa9de6b1c3598680.txt,1
fadf2fa731a45de6.txt,1
fb743da69167d9ea.txt,0
fbd89964681c5a32.txt,1
fc46d0cac5139554.txt,7
fd3aeb9c1b60c709.txt,0
fd96bc99468d66c2.txt,1
fe1349f60e0dbaf5.txt,0
ff8a76f6fccbf16c.txt,0
ff913093c0fb6898.txt,0
IMG_0355.txt,4
IMG_0356.txt,4
IMG_0359.txt,4
IMG_0362.txt,4
IMG_0364.txt,4
IMG_0365.txt,4
IMG_0372.txt,4
IMG_0373.txt,4
IMG_0374.txt,4
IMG_0375.txt,4
IMG_1542.txt,4
IMG_1543.txt,4
IMG_1544.txt,4
IMG_1545.txt,4
IMG_1547.txt,4
IMG_1548.txt,4
IMG_1549.txt,4
IMG_1551.txt,4
IMG_1552.txt,4
IMG_1553.txt,4
IMG_1554.txt,4
IMG_1555.txt,4
IMG_1556.txt,4
IMG_1557.txt,4
IMG_1558.txt,4
IMG_1560.txt,4
IMG_1561.txt,4
IMG_1562.txt,4
IMG_1563.txt,4
IMG_1564.txt,4
IMG_1565.txt,4
IMG_1566.txt,4
IMG_1567.txt,4
IMG_1568.txt,4
IMG_1569.txt,4
IMG_1570.txt,4
IMG_1571.txt,4
IMG_1572.txt,4
IMG_1573.txt,4
IMG_1574.txt,4
IMG_1575.txt,4
IMG_1576.txt,4
IMG_1578.txt,4
IMG_1579.txt,4
IMG_1580.txt,4
IMG_1581.txt,4
IMG_1582.txt,4
IMG_1583.txt,4
IMG_1584.txt,4
IMG_1585.txt,4
IMG_1586.txt,4
IMG_1587.txt,4
IMG_1588.txt,4
IMG_1589.txt,4
IMG_1590.txt,4
IMG_1591.txt,4
IMG_1592.txt,4
IMG_1593.txt,4
IMG_1594.txt,4
IMG_1596.txt,4
IMG_1597.txt,4
IMG_1598.txt,4
IMG_1599.txt,4
IMG_1600.txt,4
IMG_1601.txt,4
IMG_1602.txt,4
IMG_1603.txt,4
IMG_1604.txt,4
IMG_6513.txt,8
IMG_6514.txt,8
IMG_6515.txt,8
IMG_6516.txt,8
IMG_6517.txt,8
IMG_6518.txt,8
IMG_6519.txt,8
IMG_6520.txt,8
IMG_6521.txt,8
IMG_6522.txt,8
IMG_6523.txt,8
IMG_6524.txt,8
IMG_6525.txt,8
IMG_6526.txt,8
IMG_6527.txt,8
IMG_6528.txt,8
IMG_6530.txt,8
IMG_6531.txt,8
IMG_6532.txt,8
IMG_6533.txt,8
IMG_6534.txt,8
IMG_6535.txt,8
IMG_6536.txt,8
IMG_6537.txt,8
IMG_6538.txt,8
IMG_6539.txt,8
IMG_6540.txt,8
IMG_6541.txt,8
IMG_6542.txt,8
IMG_6543.txt,8
IMG_6544.txt,8
IMG_6545.txt,8
IMG_6546.txt,8
IMG_6622.txt,6
IMG_6623.txt,6
IMG_6624.txt,6
IMG_6625.txt,6
IMG_6626.txt,6
IMG_6627.txt,6
IMG_6628.txt,6
IMG_6629.txt,6
IMG_6630.txt,6
IMG_6631.txt,6
IMG_6632.txt,6
IMG_6633.txt,6
IMG_6634.txt,6
IMG_6635.txt,6
IMG_6636.txt,6
IMG_6637.txt,6
IMG_6638.txt,6
IMG_6639.txt,6
IMG_6640.txt,6
IMG_6641.txt,6
IMG_6642.txt,6
IMG_6643.txt,6
IMG_6644.txt,6
IMG_6645.txt,6
IMG_6646.txt,6
IMG_6647.txt,6
IMG_6648.txt,6
IMG_6649.txt,6
IMG_6650.txt,6
IMG_6651.txt,6
IMG_6652.txt,6
IMG_6653.txt,6
IMG_6654.txt,6
IMG_6655.txt,6
IMG_6656.txt,6
IMG_6659.txt,6
IMG_6660.txt,6
IMG_6662.txt,6
IMG_6663.txt,6
IMG_6664.txt,6
IMG_6665.txt,6
IMG_6674.txt,6
IMG_6675.txt,6
IMG_6676.txt,6
IMG_6677.txt,6
IMG_6678.txt,6
IMG_6679.txt,6
IMG_6680.txt,6
IMG_6681.txt,6
IMG_6682.txt,6
IMG_6683.txt,6
IMG_6684.txt,6
IMG_6685.txt,6
IMG_6686.txt,6
IMG_6687.txt,6
IMG_6688.txt,6
IMG_6689.txt,6
IMG_6690.txt,6
IMG_6691.txt,6
IMG_6692.txt,6
IMG_6693.txt,6
IMG_6694.txt,6
IMG_6695.txt,6
IMG_6696.txt,6
IMG_6697.txt,6
IMG_6698.txt,6
IMG_6699.txt,6
IMG_6700.txt,6
IMG_6701.txt,6
IMG_6702.txt,6
IMG_6703.txt,6
IMG_6704.txt,6
IMG_6705.txt,6
IMG_6706.txt,6
IMG_6707.txt,6
IMG_6708.txt,6
IMG_6709.txt,6
IMG_6710.txt,6
IMG_6711.txt,6
IMG_6712.txt,6
IMG_6713.txt,6
IMG_6714.txt,6
IMG_6715.txt,6
IMG_6716.txt,6
IMG_6717.txt,6
IMG_6718.txt,6
kettle_corn_bag (1).txt,2
kettle_corn_bag (10).txt,2
kettle_corn_bag (11).txt,2
kettle_corn_bag (12).txt,2
kettle_corn_bag (13).txt,2
kettle_corn_bag (14).txt,2
kettle_corn_bag (15).txt,2
kettle_corn_bag (16).txt,2
kettle_corn_bag (17).txt,2
kettle_corn_bag (18).txt,2
kettle_corn_bag (19).txt,2
kettle_corn_bag (2).txt,2
kettle_corn_bag (20).txt,2
kettle_corn_bag (21).txt,2
kettle_corn_bag (22).txt,2
kettle_corn_bag (23).txt,2
kettle_corn_bag (24).txt,2
kettle_corn_bag (25).txt,2
kettle_corn_bag (26).txt,2
kettle_corn_bag (27).txt,2
kettle_corn_bag (28).txt,2
kettle_corn_bag (29).txt,2
kettle_corn_bag (3).txt,2
kettle_corn_bag (30).txt,2
kettle_corn_bag (31).txt,2
kettle_corn_bag (32).txt,2
kettle_corn_bag (33).txt,2
kettle_corn_bag (4).txt,2
kettle_corn_bag (5).txt,2
kettle_corn_bag (6).txt,2
kettle_corn_bag (7).txt,2
kettle_corn_bag (8).txt,2
kettle_corn_bag (9).txt,2
mtn dew-1.txt,0
mtn dew-10.txt,0
mtn dew-12.txt,0
mtn dew-13.txt,0
mtn dew-14.txt,0
mtn dew-15.txt,0
mtn dew-16.txt,0
mtn dew-17.txt,0
mtn dew-18.txt,0
mtn dew-19.txt,0
mtn dew-2.txt,0
mtn dew-20.txt,0
mtn dew-21.txt,0
mtn dew-22.txt,0
mtn dew-23.txt,0
mtn dew-25.txt,0
mtn dew-26.txt,0
mtn dew-27.txt,0
mtn dew-28.txt,0
mtn dew-3.txt,0
mtn dew-30.txt,0
mtn dew-31.txt,0
mtn dew-32.txt,0
mtn dew-33.txt,0
mtn dew-34.txt,0
mtn dew-35.txt,0
mtn dew-36.txt,0
mtn dew-37.txt,0
mtn dew-38.txt,0
mtn dew-39.txt,0
mtn dew-4.txt,0
mtn dew-42.txt,0
mtn dew-43.txt,0
mtn dew-44.txt,0
mtn dew-45.txt,0
mtn dew-46.txt,0
mtn dew-47.txt,0
mtn dew-48.txt,0
mtn dew-49.txt,0
mtn dew-5.txt,0
mtn dew-50.txt,0
mtn dew-51.txt,0
mtn dew-52.txt,0
mtn dew-53.txt,0
mtn dew-54.txt,0
mtn dew-56.txt,0
mtn dew-57.txt,0
mtn dew-58.txt,0
mtn dew-59.txt,0
mtn dew-6.txt,0
mtn dew-60.txt,0
mtn dew-61.txt,0
mtn dew-62.txt,0
mtn dew-63.txt,0
mtn dew-64.txt,0
mtn dew-65.txt,0
mtn dew-66.txt,0
mtn dew-67.txt,0
mtn dew-68.txt,0
mtn dew-69.txt,0
mtn dew-7.txt,0
mtn dew-70.txt,0
mtn dew-71.txt,0
mtn dew-72.txt,0
mtn dew-73.txt,0
mtn dew-74.txt,0
mtn dew-76.txt,0
mtn dew-77.txt,0
mtn dew-78.txt,0
mtn dew-79.txt,0
mtn dew-8.txt,0
mtn dew-80.txt,0
mtn dew-81.txt,0
mtn dew-82.txt,0
mtn dew-84.txt,0
mtn dew-85.txt,0
mtn dew-86.txt,0
mtn dew-87.txt,0
mtn dew-88.txt,0
mtn dew-89.txt,0
mtn dew-9.txt,0
mtn dew-90.txt,0
mtn dew-91.txt,0
mtn dew-92.txt,0
napkins (1).txt,4
napkins (10).txt,4
napkins (11).txt,4
napkins (12).txt,4
napkins (13).txt,4
napkins (14).txt,4
napkins (15).txt,4
napkins (16).txt,4
napkins (17).txt,4
napkins (18).txt,4
napkins (19).txt,4
napkins (2).txt,4
napkins (20).txt,4
napkins (21).txt,4
napkins (22).txt,4
napkins (23).txt,4
napkins (24).txt,4
napkins (25).txt,4
napkins (26).txt,4
napkins (27).txt,4
napkins (28).txt,4
napkins (29).txt,4
napkins (3).txt,4
napkins (30).txt,4
napkins (31).txt,4
napkins (32).txt,4
napkins (33).txt,4
napkins (34).txt,4
napkins (35).txt,4
napkins (36).txt,4
napkins (37).txt,4
napkins (38).txt,4
napkins (39).txt,4
napkins (4).txt,4
napkins (40).txt,4
napkins (41).txt,4
napkins (42).txt,4
napkins (43).txt,4
napkins (44).txt,4
napkins (45).txt,4
napkins (46).txt,4
napkins (47).txt,4
napkins (48).txt,4
napkins (49).txt,4
napkins (5).txt,4
napkins (50).txt,4
napkins (51).txt,4
napkins (52).txt,4
napkins (53).txt,4
napkins (54).txt,4
napkins (55).txt,4
napkins (56).txt,4
napkins (57).txt,4
napkins (58).txt,4
napkins (59).txt,4
napkins (6).txt,4
napkins (7).txt,4
napkins (8).txt,4
napkins (9).txt,4
nestle-10.txt,0
nestle-11.txt,0
nestle-12.txt,0
nestle-13.txt,0
nestle-14.txt,0
nestle-15.txt,0
nestle-16.txt,0
nestle-17.txt,0
nestle-18.txt,0
nestle-19.txt,0
nestle-2.txt,0
nestle-20.txt,0
nestle-21.txt,0
nestle-22.txt,0
nestle-23.txt,0
nestle-24.txt,0
nestle-25.txt,0
nestle-26.txt,0
nestle-27.txt,0
nestle-28.txt,0
nestle-29.txt,0
nestle-3.txt,0
nestle-30.txt,0
nestle-31.txt,0
nestle-32.txt,0
nestle-33.txt,0
nestle-34.txt,0
nestle-36.txt,0
nestle-37.txt,0
nestle-38.txt,0
nestle-39.txt,0
nestle-4.txt,0
nestle-40.txt,0
nestle-41.txt,0
nestle-42.txt,0
nestle-43.txt,0
nestle-44.txt,0
nestle-45.txt,0
nestle-46.txt,0
nestle-47.txt,0
nestle-48.txt,0
nestle-49.txt,0
nestle-5.txt,0
nestle-50.txt,0
nestle-51.txt,0
nestle-52.txt,0
nestle-53.txt,0
nestle-55.txt,0
nestle-56.txt,0
nestle-57.txt,0
nestle-58.txt,0
nestle-59.txt,0
nestle-6.txt,0
nestle-60.txt,0
nestle-61.txt,0
nestle-62.txt,0
nestle-63.txt,0
nestle-64.txt,0
nestle-65.txt,0
nestle-66.txt,0
nestle-67.txt,0
nestle-68.txt,0
nestle-69.txt,0
nestle-7.txt,0
nestle-70.txt,0
nestle-71.txt,0
nestle-72.txt,0
nestle-73.txt,0
nestle-8.txt,0
nestle-9.txt,0
OJ_bottle (1).txt,0
OJ_bottle (10).txt,0
OJ_bottle (11).txt,0
OJ_bottle (12).txt,0
OJ_bottle (13).txt,0
OJ_bottle (14).txt,0
OJ_bottle (2).txt,0
OJ_bottle (3).txt,0
OJ_bottle (4).txt,0
OJ_bottle (5).txt,0
OJ_bottle (6).txt,0
OJ_bottle (7).txt,0
OJ_bottle (8).txt,0
OJ_bottle (9).txt,0
paper_box-1.txt,1
paper_box-10.txt,1
paper_box-11.txt,1
paper_box-13.txt,1
paper_box-19.txt,1
paper_box-2.txt,1
paper_box-20.txt,1
paper_box-21.txt,1
paper_box-22.txt,1
paper_box-23.txt,1
paper_box-24.txt,1
paper_box-25.txt,1
paper_box-26.txt,1
paper_box-27.txt,1
paper_box-29.txt,1
paper_box-30.txt,1
paper_box-31.txt,1
paper_box-32.txt,1
paper_box-33.txt,1
paper_box-34.txt,1
paper_box-35.txt,1
paper_box-36.txt,1
paper_box-37.txt,1
paper_box-38.txt,1
paper_box-39.txt,1
paper_box-40.txt,1
paper_box-41.txt,1
paper_box-42.txt,1
paper_box-43.txt,1
paper_box-46.txt,1
paper_box-47.txt,1
paper_box-48.txt,1
paper_box-51.txt,1
paper_box-52.txt,1
paper_box-53.txt,1
paper_box-54.txt,1
paper_box-55.txt,1
paper_box-57.txt,1
paper_box-60.txt,1
paper_box-61.txt,1
paper_box-62.txt,1
paper_box-63.txt,1
paper_box-64.txt,1
paper_box-67.txt,1
paper_box-68.txt,1
paper_box-69.txt,1
paper_box-70.txt,1
paper_box-71.txt,1
paper_box-72.txt,1
paper_box-73.txt,1
paper_box-74.txt,1
paper_box-75.txt,1
paper_box-76.txt,1
paper_box-77.txt,1
paper_box-9.txt,1
paper_soup_cup_subway (1).txt,6
paper_soup_cup_subway (10).txt,6
paper_soup_cup_subway (11).txt,6
paper_soup_cup_subway (12).txt,6
paper_soup_cup_subway (13).txt,6
paper_soup_cup_subway (14).txt,6
paper_soup_cup_subway (15).txt,6
paper_soup_cup_subway (16).txt,6
paper_soup_cup_subway (17).txt,6
paper_soup_cup_subway (18).txt,6
paper_soup_cup_subway (19).txt,6
paper_soup_cup_subway (2).txt,6
paper_soup_cup_subway (20).txt,6
paper_soup_cup_subway (21).txt,6
paper_soup_cup_subway (22).txt,6
paper_soup_cup_subway (23).txt,6
paper_soup_cup_subway (24).txt,6
paper_soup_cup_subway (25).txt,6
paper_soup_cup_subway (26).txt,6
paper_soup_cup_subway (27).txt,6
paper_soup_cup_subway (28).txt,6
paper_soup_cup_subway (29).txt,6
paper_soup_cup_subway (3).txt,6
paper_soup_cup_subway (30).txt,6
paper_soup_cup_subway (31).txt,6
paper_soup_cup_subway (32).txt,6
paper_soup_cup_subway (33).txt,6
paper_soup_cup_subway (34).txt,6
paper_soup_cup_subway (35).txt,6
paper_soup_cup_subway (36).txt,6
paper_soup_cup_subway (37).txt,6
paper_soup_cup_subway (38).txt,6
paper_soup_cup_subway (39).txt,6
paper_soup_cup_subway (4).txt,6
paper_soup_cup_subway (40).txt,6
paper_soup_cup_subway (41).txt,6
paper_soup_cup_subway (42).txt,6
paper_soup_cup_subway (43).txt,6
paper_soup_cup_subway (44).txt,6
paper_soup_cup_subway (45).txt,6
paper_soup_cup_subway (46).txt,6
paper_soup_cup_subway (47).txt,6
paper_soup_cup_subway (48).txt,6
paper_soup_cup_subway (49).txt,6
paper_soup_cup_subway (5).txt,6
paper_soup_cup_subway (50).txt,6
paper_soup_cup_subway (51).txt,6
paper_soup_cup_subway (52).txt,6
paper_soup_cup_subway (53).txt,6
paper_soup_cup_subway (54).txt,6
paper_soup_cup_subway (55).txt,6
paper_soup_cup_subway (56).txt,6
paper_soup_cup_subway (57).txt,6
paper_soup_cup_subway (6).txt,6
paper_soup_cup_subway (7).txt,6
paper_soup_cup_subway (8).txt,6
paper_soup_cup_subway (9).txt,6
plastic water bottle-1.txt,0
plastic water bottle-10.txt,0
plastic water bottle-11.txt,0
plastic water bottle-12.txt,0
plastic water bottle-13.txt,0
plastic water bottle-14.txt,0
plastic water bottle-15.txt,0
plastic water bottle-16.txt,0
plastic water bottle-17.txt,0
plastic water bottle-18.txt,0
plastic water bottle-19.txt,0
plastic water bottle-2.txt,0
plastic water bottle-20.txt,0
plastic water bottle-21.txt,0
plastic water bottle-22.txt,0
plastic water bottle-23.txt,0
plastic water bottle-24.txt,0
plastic water bottle-25.txt,0
plastic water bottle-26.txt,0
plastic water bottle-27.txt,0
plastic water bottle-28.txt,0
plastic water bottle-29.txt,0
plastic water bottle-3.txt,0
plastic water bottle-30.txt,0
plastic water bottle-31.txt,0
plastic water bottle-32.txt,0
plastic water bottle-33.txt,0
plastic water bottle-34.txt,0
plastic water bottle-35.txt,0
plastic water bottle-36.txt,0
plastic water bottle-37.txt,0
plastic water bottle-38.txt,0
plastic water bottle-39.txt,0
plastic water bottle-4.txt,0
plastic water bottle-40.txt,0
plastic water bottle-41.txt,0
plastic water bottle-42.txt,0
plastic water bottle-43.txt,0
plastic water bottle-44.txt,0
plastic water bottle-45.txt,0
plastic water bottle-46.txt,0
plastic water bottle-47.txt,0
plastic water bottle-48.txt,0
plastic water bottle-49.txt,0
plastic water bottle-5.txt,0
plastic water bottle-6.txt,0
plastic water bottle-7.txt,0
plastic water bottle-8.txt,0
plastic water bottle-9.txt,0
plastic_bottle_00003.txt,0
plastic_bottle_00011.txt,0
plastic_bottle_00025.txt,0
plastic_bottle_00045.txt,0
plastic_bottle_00068.txt,0
plastic_bottle_00071.txt,0
plastic_bottle_00109.txt,0
plastic_bottle_00115.txt,0
plastic_bottle_00127.txt,0
plastic_bottle_00131.txt,0
plastic_bottle_00136.txt,0
plastic_bottle_00139.txt,0
plastic_bottle_00155.txt,0
plastic_bottle_00162.txt,0
plastic_bottle_00171.txt,0
plastic_bottle_00185.txt,0
plastic_bottle_00194.txt,0
plastic_bottle_00237.txt,0
plastic_bottle_00238.txt,0
plastic_bottle_00246.txt,0
plastic_bottle_00250.txt,0
plastic_bottle_00260.txt,0
plastic_bottle_00263.txt,0
plastic_bottle_00268.txt,0
plastic_bottle_00272.txt,0
plastic_bottle_00280.txt,0
plastic_bottle_00296.txt,0
plastic_bottle_00301.txt,0
plastic_bottle_00304.txt,0
plastic_bottle_00343.txt,0
plastic_bottle_00365.txt,0
plastic_bottle_00401.txt,0
plastic_bottle_00402.txt,0
plastic_bottle_00404.txt,0
plastic_bottle_00407.txt,0
plastic_bottle_00408.txt,0
plastic_bottle_00414.txt,0
plastic_bottle_00415.txt,0
plastic_bottle_00417.txt,0
plastic_bottle_00419.txt,0
plastic_bottle_00425.txt,0
plastic_bottle_00427.txt,0
plastic_bottle_00430.txt,0
plastic_bottle_00435.txt,0
plastic_bottle_00436.txt,0
plastic_bottle_00441.txt,0
plastic_bottle_00444.txt,0
plastic_bottle_00447.txt,0
plastic_bottle_00450.txt,0
plastic_bottle_00454.txt,0
plastic_bottle_00455.txt,0
plastic_bottle_00457.txt,0
plastic_bottle_00458.txt,0
plastic_bottle_00463.txt,0
plastic_bottle_00466.txt,0
plastic_bottle_00468.txt,0
plastic_bottle_00479.txt,0
plastic_bottle_00486.txt,0
plastic_bottle_00487.txt,0
plastic_bottle_00490.txt,0
plastic_bottle_00494.txt,0
plastic_bottle_00496.txt,0
plastic_bottle_00500.txt,0
plastic_bottle_00502.txt,0
plastic_bottle_00507.txt,0
plastic_bottle_00511.txt,0
plastic_bottle_00514.txt,0
plastic_bottle_00516.txt,0
plastic_bottle_00518.txt,0
plastic_bottle_00520.txt,0
plastic_bottle_00521.txt,0
plastic_bottle_00541.txt,0
plastic_bottle_00554.txt,0
plastic_bottle_00556.txt,0
plastic_bottle_00557.txt,0
plastic_bottle_00567.txt,0
plastic_bottle_00569.txt,0
plastic_bottle_00574.txt,0
plastic_bottle_00591.txt,0
plastic_bottle_00595.txt,0
plastic_bottle_00596.txt,0
plastic_bottle_00606.txt,0
plastic_bottle_00609.txt,0
plastic_bottle_00616.txt,0
plastic_bottle_00628.txt,0
plastic_bottle_00634.txt,0
plastic_bottle_00635.txt,0
plastic_bottle_00638.txt,0
plastic_bottle_00641.txt,0
plastic_bottle_00646.txt,0
plastic_bottle_00648.txt,0
plastic_bottle_00652.txt,0
plastic_bottle_00670.txt,0
plastic_bottle_00685.txt,0
plastic_bottle_00693.txt,0
plastic_bottle_00696.txt,0
plastic_bottle_00699.txt,0
plastic_bottle_00704.txt,0
plastic_bottle_00711.txt,0
plastic_bottle_00730.txt,0
plastic_bottle_00735.txt,0
plastic_bottle_00740.txt,0
plastic_bottle_00746.txt,0
plastic_bottle_00749.txt,0
plastic_bottle_00753.txt,0
plastic_bottle_00755.txt,0
plastic_bottle_00763.txt,0
plastic_bottle_00765.txt,0
plastic_bottle_00780.txt,0
plastic_bowl_clear (1).txt,1
plastic_bowl_clear (10).txt,1
plastic_bowl_clear (11).txt,1
plastic_bowl_clear (12).txt,1
plastic_bowl_clear (13).txt,1
plastic_bowl_clear (14).txt,1
plastic_bowl_clear (15).txt,1
plastic_bowl_clear (16).txt,1
plastic_bowl_clear (17).txt,1
plastic_bowl_clear (18).txt,1
plastic_bowl_clear (19).txt,1
plastic_bowl_clear (2).txt,1
plastic_bowl_clear (20).txt,1
plastic_bowl_clear (21).txt,1
plastic_bowl_clear (22).txt,1
plastic_bowl_clear (23).txt,1
plastic_bowl_clear (24).txt,1
plastic_bowl_clear (25).txt,1
plastic_bowl_clear (26).txt,1
plastic_bowl_clear (27).txt,1
plastic_bowl_clear (28).txt,1
plastic_bowl_clear (29).txt,1
plastic_bowl_clear (3).txt,1
plastic_bowl_clear (30).txt,1
plastic_bowl_clear (31).txt,1
plastic_bowl_clear (32).txt,1
plastic_bowl_clear (33).txt,1
plastic_bowl_clear (34).txt,1
plastic_bowl_clear (35).txt,1
plastic_bowl_clear (36).txt,1
plastic_bowl_clear (37).txt,1
plastic_bowl_clear (38).txt,1
plastic_bowl_clear (39).txt,1
plastic_bowl_clear (4).txt,1
plastic_bowl_clear (40).txt,1
plastic_bowl_clear (41).txt,1
plastic_bowl_clear (42).txt,1
plastic_bowl_clear (43).txt,1
plastic_bowl_clear (44).txt,1
plastic_bowl_clear (45).txt,1
plastic_bowl_clear (46).txt,1
plastic_bowl_clear (47).txt,1
plastic_bowl_clear (48).txt,1
plastic_bowl_clear (49).txt,1
plastic_bowl_clear (5).txt,1
plastic_bowl_clear (50).txt,1
plastic_bowl_clear (51).txt,1
plastic_bowl_clear (52).txt,1
plastic_bowl_clear (53).txt,1
plastic_bowl_clear (54).txt,1
plastic_bowl_clear (55).txt,1
plastic_bowl_clear (56).txt,1
plastic_bowl_clear (57).txt,1
plastic_bowl_clear (58).txt,1
plastic_bowl_clear (59).txt,1
plastic_bowl_clear (6).txt,1
plastic_bowl_clear (60).txt,1
plastic_bowl_clear (61).txt,1
plastic_bowl_clear (62).txt,1
plastic_bowl_clear (7).txt,1
plastic_bowl_clear (8).txt,1
plastic_bowl_clear (9).txt,1
soda_can_00000.txt,3
soda_can_00001.txt,3
soda_can_00002.txt,3
soda_can_00004.txt,3
soda_can_00005.txt,3
soda_can_00006.txt,3
soda_can_00007.txt,3
soda_can_00008.txt,3
soda_can_00009.txt,3
soda_can_00010.txt,3
soda_can_00012.txt,3
soda_can_00014.txt,3
soda_can_00015.txt,3
soda_can_00016.txt,3
soda_can_00017.txt,3
soda_can_00018.txt,3
soda_can_00019.txt,3
soda_can_00020.txt,3
soda_can_00021.txt,3
soda_can_00024.txt,3
soda_can_00025.txt,3
soda_can_00026.txt,3
soda_can_00027.txt,3
soda_can_00028.txt,3
soda_can_00029.txt,3
soda_can_00030.txt,3
soda_can_00031.txt,3
soda_can_00032.txt,3
soda_can_00033.txt,3
soda_can_00035.txt,3
soda_can_00039.txt,3
soda_can_00040.txt,3
soda_can_00041.txt,3
soda_can_00042.txt,3
soda_can_00043.txt,3
soda_can_00044.txt,3
soda_can_00045.txt,3
soda_can_00049.txt,3
soda_can_00050.txt,3
soda_can_00051.txt,3
soda_can_00053.txt,3
soda_can_00055.txt,3
soda_can_00056.txt,3
soda_can_00057.txt,3
soda_can_00058.txt,3
soda_can_00061.txt,3
soda_can_00062.txt,3
soda_can_00063.txt,3
soda_can_00065.txt,3
soda_can_00066.txt,3
soda_can_00067.txt,3
soda_can_00068.txt,3
soda_can_00069.txt,3
soda_can_00070.txt,3
soda_can_00072.txt,3
soda_can_00074.txt,3
soda_can_00075.txt,3
soda_can_00076.txt,3
soda_can_00077.txt,3
soda_can_00079.txt,3
soda_can_00080.txt,3
soda_can_00081.txt,3
soda_can_00083.txt,3
soda_can_00085.txt,3
soda_can_00087.txt,3
soda_can_00088.txt,3
soda_can_00089.txt,3
soda_can_00090.txt,3
soda_can_00093.txt,3
soda_can_00095.txt,3
soda_can_00098.txt,3
soda_can_00099.txt,3
soda_can_00105.txt,3
soda_can_00107.txt,3
soda_can_00108.txt,3
soda_can_00110.txt,3
soda_can_00111.txt,3
soda_can_00113.txt,3
soda_can_00114.txt,3
soda_can_00115.txt,3
soda_can_00116.txt,3
soda_can_00117.txt,3
soda_can_00118.txt,3
soda_can_00120.txt,3
soda_can_00121.txt,3
soda_can_00122.txt,3
soda_can_00124.txt,3
soda_can_00125.txt,3
soda_can_00126.txt,3
soda_can_00127.txt,3
soda_can_00133.txt,3
soda_can_00134.txt,3
soda_can_00136.txt,3
soda_can_00140.txt,3
soda_can_00141.txt,3
soda_can_00142.txt,3
soda_can_00147.txt,3
soda_can_00148.txt,3
soda_can_00149.txt,3
soda_can_00150.txt,3
soda_can_00151.txt,3
soda_can_00154.txt,3
soda_can_00158.txt,3
soda_can_00159.txt,3
soda_can_00161.txt,3
soda_can_00166.txt,3
soda_can_00169.txt,3
soda_can_00171.txt,3
soda_can_00172.txt,3
soda_can_00175.txt,3
soda_can_00177.txt,3
soda_can_00178.txt,3
soda_can_00180.txt,3
soda_can_00182.txt,3
soda_can_00183.txt,3
soda_can_00184.txt,3
soda_can_00187.txt,3
soda_can_00191.txt,3
soda_can_00192.txt,3
soda_can_00196.txt,3
soda_can_00198.txt,3
soda_can_00203.txt,3
soda_can_00205.txt,3
soda_can_00206.txt,3
soda_can_00207.txt,3
soda_can_00209.txt,3
soda_can_00210.txt,3
soda_can_00213.txt,3
soda_can_00214.txt,3
soda_can_00218.txt,3
soda_can_00219.txt,3
soda_can_00221.txt,3
soda_can_00223.txt,3
soda_can_00224.txt,3
soda_can_00225.txt,3
soda_can_00226.txt,3
soda_can_00228.txt,3
soda_can_00229.txt,3
soda_can_00231.txt,3
soda_can_00232.txt,3
soda_can_00236.txt,3
soda_can_00240.txt,3
soda_can_00242.txt,3
soda_can_00243.txt,3
soda_can_00245.txt,3
soda_can_00247.txt,3
soda_can_00248.txt,3
soda_can_00249.txt,3
soda_can_00252.txt,3
soda_can_00253.txt,3
soda_can_00255.txt,3
soda_can_00256.txt,3
soda_can_00260.txt,3
soda_can_00262.txt,3
soda_can_00266.txt,3
soda_can_00272.txt,3
soda_can_00273.txt,3
soda_can_00275.txt,3
soda_can_00277.txt,3
soda_can_00280.txt,3
soda_can_00283.txt,3
soda_can_00286.txt,3
soda_can_00291.txt,3
soda_can_00294.txt,3
soda_can_00295.txt,3
soda_can_00296.txt,3
soda_can_00298.txt,3
soda_can_00301.txt,3
soda_can_00306.txt,3
soda_can_00307.txt,3
soda_can_00310.txt,3
soda_can_00314.txt,3
soda_can_00315.txt,3
soda_can_00318.txt,3
soda_can_00320.txt,3
soda_can_00328.txt,3
soda_can_00329.txt,3
soda_can_00330.txt,3
soda_can_00331.txt,3
soda_can_00333.txt,3
soda_can_00335.txt,3
soda_can_00338.txt,3
soda_can_00341.txt,3
soda_can_00342.txt,3
soda_can_00344.txt,3
soda_can_00346.txt,3
soda_can_00347.txt,3
soda_can_00348.txt,3
soda_can_00349.txt,3
soda_can_00350.txt,3
soda_can_00351.txt,3
soda_can_00352.txt,3
soda_can_00355.txt,3
soda_can_00356.txt,3
soda_can_00357.txt,3
soda_can_00358.txt,3
soda_can_00360.txt,3
soda_can_00361.txt,3
soda_can_00362.txt,3
soda_can_00364.txt,3
soda_can_00366.txt,3
soda_can_00367.txt,3
soda_can_00368.txt,3
soda_can_00370.txt,3
soda_can_00371.txt,3
soda_can_00372.txt,3
soda_can_00373.txt,3
soda_can_00378.txt,3
soda_can_00380.txt,3
soda_can_00382.txt,3
soda_can_00384.txt,3
soda_can_00385.txt,3
soda_can_00386.txt,3
soda_can_00395.txt,3
soda_can_00396.txt,3
soda_can_00399.txt,3
starbucks_glass_bottle_00000.txt,9
starbucks_glass_bottle_00001.txt,9
starbucks_glass_bottle_00002.txt,9
starbucks_glass_bottle_00003.txt,9
starbucks_glass_bottle_00005.txt,9
starbucks_glass_bottle_00006.txt,9
starbucks_glass_bottle_00007.txt,9
starbucks_glass_bottle_00009.txt,9
starbucks_glass_bottle_00010.txt,9
starbucks_glass_bottle_00012.txt,9
starbucks_glass_bottle_00016.txt,9
starbucks_glass_bottle_00017.txt,9
starbucks_glass_bottle_00018.txt,9
starbucks_glass_bottle_00023.txt,9
starbucks_glass_bottle_00025.txt,9
starbucks_glass_bottle_00028.txt,9
starbucks_glass_bottle_00030.txt,9
starbucks_glass_bottle_00031.txt,9
starbucks_glass_bottle_00032.txt,9
starbucks_glass_bottle_00033.txt,9
starbucks_glass_bottle_00041.txt,9
starbucks_glass_bottle_00045.txt,9
starbucks_glass_bottle_00053.txt,9
starbucks_glass_bottle_00061.txt,9
starbucks_glass_bottle_00072.txt,9
starbucks_glass_bottle_00077.txt,9
starbucks_glass_bottle_00083.txt,9
starbucks_glass_bottle_00085.txt,9
starbucks_glass_bottle_00089.txt,9
starbucks_glass_bottle_00103.txt,9
starbucks_glass_bottle_00121.txt,9
starbucks_glass_bottle_00137.txt,9
starbucks_glass_bottle_00143.txt,9
starbucks_glass_bottle_00146.txt,9
starbucks_glass_bottle_00148.txt,9
starbucks_glass_bottle_00150.txt,9
starbucks_glass_bottle_00153.txt,9
starbucks_glass_bottle_00181.txt,0
starbucks_glass_bottle_00187.txt,9
starbucks_glass_bottle_00195.txt,9
starbucks_glass_bottle_00203.txt,9
starbucks_glass_bottle_00205.txt,9
starbucks_glass_bottle_00214.txt,9
starbucks_glass_bottle_00225.txt,9
starbucks_glass_bottle_00247.txt,9
starbucks_glass_bottle_00252.txt,9
starbucks_glass_bottle_00254.txt,9
starbucks_glass_bottle_00257.txt,9
starbucks_glass_bottle_00258.txt,9
starbucks_glass_bottle_00280.txt,9
starbucks_glass_bottle_00294.txt,9
starbucks_glass_bottle_00300.txt,9
starbucks_glass_bottle_00306.txt,9
starbucks_glass_bottle_00310.txt,9
starbucks_glass_bottle_00314.txt,9
starbucks_glass_bottle_00338.txt,9
starbucks_glass_bottle_00342.txt,9
starbucks_glass_bottle_00345.txt,9
starbucks_glass_bottle_00382.txt,9
Straw_in_wrapper (1).txt,1
Straw_in_wrapper (10).txt,1
Straw_in_wrapper (11).txt,1
Straw_in_wrapper (12).txt,1
Straw_in_wrapper (13).txt,1
Straw_in_wrapper (14).txt,1
Straw_in_wrapper (2).txt,1
Straw_in_wrapper (3).txt,1
Straw_in_wrapper (4).txt,1
Straw_in_wrapper (5).txt,1
Straw_in_wrapper (6).txt,1
Straw_in_wrapper (7).txt,1
Straw_in_wrapper (8).txt,1
Straw_in_wrapper (9).txt,1
straw_in_wrapper_compost (1).txt,1
straw_in_wrapper_compost (10).txt,1
straw_in_wrapper_compost (11).txt,1
straw_in_wrapper_compost (12).txt,1
straw_in_wrapper_compost (13).txt,1
straw_in_wrapper_compost (14).txt,1
straw_in_wrapper_compost (15).txt,1
straw_in_wrapper_compost (16).txt,1
straw_in_wrapper_compost (17).txt,1
straw_in_wrapper_compost (18).txt,1
straw_in_wrapper_compost (19).txt,1
straw_in_wrapper_compost (2).txt,1
straw_in_wrapper_compost (20).txt,1
straw_in_wrapper_compost (21).txt,1
straw_in_wrapper_compost (22).txt,1
straw_in_wrapper_compost (23).txt,1
straw_in_wrapper_compost (24).txt,1
straw_in_wrapper_compost (25).txt,1
straw_in_wrapper_compost (26).txt,1
straw_in_wrapper_compost (27).txt,1
straw_in_wrapper_compost (28).txt,1
straw_in_wrapper_compost (29).txt,1
straw_in_wrapper_compost (3).txt,1
straw_in_wrapper_compost (30).txt,1
straw_in_wrapper_compost (31).txt,1
straw_in_wrapper_compost (32).txt,1
straw_in_wrapper_compost (33).txt,1
straw_in_wrapper_compost (34).txt,1
straw_in_wrapper_compost (35).txt,1
straw_in_wrapper_compost (36).txt,1
straw_in_wrapper_compost (37).txt,1
straw_in_wrapper_compost (38).txt,1
straw_in_wrapper_compost (39).txt,1
straw_in_wrapper_compost (4).txt,1
straw_in_wrapper_compost (40).txt,1
straw_in_wrapper_compost (41).txt,1
straw_in_wrapper_compost (42).txt,1
straw_in_wrapper_compost (43).txt,1
straw_in_wrapper_compost (44).txt,1
straw_in_wrapper_compost (45).txt,1
straw_in_wrapper_compost (46).txt,1
straw_in_wrapper_compost (47).txt,1
straw_in_wrapper_compost (48).txt,1
straw_in_wrapper_compost (49).txt,1
straw_in_wrapper_compost (5).txt,1
straw_in_wrapper_compost (50).txt,1
straw_in_wrapper_compost (51).txt,1
straw_in_wrapper_compost (52).txt,1
straw_in_wrapper_compost (53).txt,1
straw_in_wrapper_compost (54).txt,1
straw_in_wrapper_compost (55).txt,1
straw_in_wrapper_compost (56).txt,1
straw_in_wrapper_compost (57).txt,1
straw_in_wrapper_compost (58).txt,1
straw_in_wrapper_compost (59).txt,1
straw_in_wrapper_compost (6).txt,1
straw_in_wrapper_compost (60).txt,1
straw_in_wrapper_compost (7).txt,1
straw_in_wrapper_compost (8).txt,1
straw_in_wrapper_compost (9).txt,1
subway_wrap-11.txt,8
subway_wrap-12.txt,8
subway_wrap-13.txt,8
subway_wrap-14.txt,8
subway_wrap-15.txt,8
subway_wrap-16.txt,8
subway_wrap-17.txt,8
subway_wrap-18.txt,8
subway_wrap-19.txt,8
subway_wrap-22.txt,8
subway_wrap-23.txt,8
subway_wrap-24.txt,8
subway_wrap-25.txt,8
subway_wrap-27.txt,8
subway_wrap-28.txt,8
subway_wrap-29.txt,8
subway_wrap-3.txt,8
subway_wrap-30.txt,8
subway_wrap-31.txt,8
subway_wrap-32.txt,8
subway_wrap-33.txt,8
subway_wrap-36.txt,8
subway_wrap-37.txt,8
subway_wrap-38.txt,8
subway_wrap-4.txt,8
subway_wrap-40.txt,8
subway_wrap-42.txt,8
subway_wrap-43.txt,8
subway_wrap-44.txt,8
subway_wrap-45.txt,8
subway_wrap-46.txt,8
subway_wrap-47.txt,8
subway_wrap-49.txt,8
subway_wrap-5.txt,8
subway_wrap-50.txt,8
subway_wrap-51.txt,8
subway_wrap-52.txt,8
subway_wrap-53.txt,8
subway_wrap-54.txt,8
subway_wrap-55.txt,8
subway_wrap-56.txt,8
subway_wrap-57.txt,8
subway_wrap-58.txt,8
subway_wrap-59.txt,8
subway_wrap-6.txt,8
subway_wrap-60.txt,8
subway_wrap-61.txt,8
subway_wrap-62.txt,8
subway_wrap-63.txt,8
subway_wrap-67.txt,8
subway_wrap-68.txt,8
subway_wrap-69.txt,8
subway_wrap-7.txt,8
subway_wrap-70.txt,8
subway_wrap-71.txt,8
subway_wrap-72.txt,8
subway_wrap-73.txt,8
subway_wrap-74.txt,8
subway_wrap-75.txt,8
subway_wrap-76.txt,8
subway_wrap-77.txt,8
subway_wrap-78.txt,8
subway_wrap-79.txt,8
subway_wrap-80.txt,8
subway_wrap-81.txt,8
subway_wrap-82.txt,8
subway_wrap-83.txt,8
